/*M!999999\- enable the sandbox mode */ 
-- MariaDB dump 10.19  Distrib 10.11.10-MariaDB, for Linux (x86_64)
--
-- Host: localhost    Database: db_keuangan_tmc
-- ------------------------------------------------------
-- Server version	10.11.10-MariaDB-log

/*!40101 SET @OLD_CHARACTER_SET_CLIENT=@@CHARACTER_SET_CLIENT */;
/*!40101 SET @OLD_CHARACTER_SET_RESULTS=@@CHARACTER_SET_RESULTS */;
/*!40101 SET @OLD_COLLATION_CONNECTION=@@COLLATION_CONNECTION */;
/*!40101 SET NAMES utf8mb4 */;
/*!40103 SET @OLD_TIME_ZONE=@@TIME_ZONE */;
/*!40103 SET TIME_ZONE='+00:00' */;
/*!40014 SET @OLD_UNIQUE_CHECKS=@@UNIQUE_CHECKS, UNIQUE_CHECKS=0 */;
/*!40014 SET @OLD_FOREIGN_KEY_CHECKS=@@FOREIGN_KEY_CHECKS, FOREIGN_KEY_CHECKS=0 */;
/*!40101 SET @OLD_SQL_MODE=@@SQL_MODE, SQL_MODE='NO_AUTO_VALUE_ON_ZERO' */;
/*!40111 SET @OLD_SQL_NOTES=@@SQL_NOTES, SQL_NOTES=0 */;

--
-- Table structure for table `absensis`
--

DROP TABLE IF EXISTS `absensis`;
/*!40101 SET @saved_cs_client     = @@character_set_client */;
/*!40101 SET character_set_client = utf8 */;
CREATE TABLE `absensis` (
  `id` bigint(20) unsigned NOT NULL AUTO_INCREMENT,
  `karyawan_id` bigint(20) unsigned NOT NULL,
  `jabatan` varchar(255) DEFAULT NULL,
  `kebun_id` bigint(20) unsigned DEFAULT NULL,
  `lokasi` varchar(255) DEFAULT NULL,
  `tanggal` date NOT NULL,
  `status` enum('Hadir','Sakit','Izin','Alpha') NOT NULL DEFAULT 'Hadir',
  `volume` decimal(8,2) DEFAULT NULL,
  `created_at` timestamp NULL DEFAULT NULL,
  `updated_at` timestamp NULL DEFAULT NULL,
  PRIMARY KEY (`id`),
  UNIQUE KEY `absensis_karyawan_id_kebun_id_tanggal_unique` (`karyawan_id`,`kebun_id`,`tanggal`),
  KEY `absensis_kebun_id_foreign` (`kebun_id`),
  CONSTRAINT `absensis_karyawan_id_foreign` FOREIGN KEY (`karyawan_id`) REFERENCES `karyawans` (`id`) ON DELETE CASCADE,
  CONSTRAINT `absensis_kebun_id_foreign` FOREIGN KEY (`kebun_id`) REFERENCES `kebuns` (`id`) ON DELETE CASCADE
) ENGINE=InnoDB AUTO_INCREMENT=502 DEFAULT CHARSET=utf8mb4 COLLATE=utf8mb4_unicode_ci;
/*!40101 SET character_set_client = @saved_cs_client */;

--
-- Dumping data for table `absensis`
--

LOCK TABLES `absensis` WRITE;
/*!40000 ALTER TABLE `absensis` DISABLE KEYS */;
INSERT INTO `absensis` VALUES
(1,1,NULL,4,NULL,'2026-06-15','Alpha',NULL,'2026-06-17 07:51:05','2026-06-17 07:51:05'),
(2,1,NULL,4,NULL,'2026-06-16','Hadir',NULL,'2026-06-17 07:51:05','2026-06-17 07:51:12'),
(3,1,NULL,4,NULL,'2026-06-17','Alpha',NULL,'2026-06-17 07:51:05','2026-06-17 07:51:05'),
(4,1,NULL,4,NULL,'2026-06-18','Alpha',NULL,'2026-06-17 07:51:05','2026-06-17 07:51:05'),
(5,1,NULL,4,NULL,'2026-06-19','Alpha',NULL,'2026-06-17 07:51:05','2026-06-17 07:51:05'),
(6,1,NULL,4,NULL,'2026-06-20','Alpha',NULL,'2026-06-17 07:51:05','2026-06-17 07:51:05'),
(7,1,NULL,1,NULL,'2026-06-15','Alpha',NULL,'2026-06-17 07:51:41','2026-06-17 07:51:41'),
(8,1,NULL,1,NULL,'2026-06-16','Alpha',NULL,'2026-06-17 07:51:41','2026-06-17 07:51:41'),
(9,1,NULL,1,NULL,'2026-06-17','Alpha',NULL,'2026-06-17 07:51:41','2026-06-17 07:51:41'),
(10,1,NULL,1,NULL,'2026-06-18','Alpha',NULL,'2026-06-17 07:51:41','2026-06-17 07:51:41'),
(11,1,NULL,1,NULL,'2026-06-19','Hadir',NULL,'2026-06-17 07:51:41','2026-06-17 07:51:44'),
(12,1,NULL,1,NULL,'2026-06-20','Alpha',NULL,'2026-06-17 07:51:41','2026-06-17 07:51:41'),
(13,2,NULL,1,NULL,'2026-06-15','Alpha',NULL,'2026-06-17 07:56:19','2026-06-17 07:56:19'),
(14,2,NULL,1,NULL,'2026-06-16','Alpha',NULL,'2026-06-17 07:56:19','2026-06-17 07:56:19'),
(15,2,NULL,1,NULL,'2026-06-17','Alpha',NULL,'2026-06-17 07:56:19','2026-06-17 07:56:19'),
(16,2,NULL,1,NULL,'2026-06-18','Alpha',NULL,'2026-06-17 07:56:19','2026-06-17 07:56:19'),
(17,2,NULL,1,NULL,'2026-06-19','Alpha',NULL,'2026-06-17 07:56:19','2026-06-17 07:56:19'),
(18,2,NULL,1,NULL,'2026-06-20','Alpha',NULL,'2026-06-17 07:56:19','2026-06-17 07:56:19'),
(19,23,NULL,1,NULL,'2026-06-15','Alpha',NULL,'2026-06-17 07:56:24','2026-06-17 07:56:24'),
(20,23,NULL,1,NULL,'2026-06-16','Alpha',NULL,'2026-06-17 07:56:24','2026-06-17 07:56:24'),
(21,23,NULL,1,NULL,'2026-06-17','Alpha',NULL,'2026-06-17 07:56:24','2026-06-17 07:56:24'),
(22,23,NULL,1,NULL,'2026-06-18','Alpha',NULL,'2026-06-17 07:56:24','2026-06-17 07:56:24'),
(23,23,NULL,1,NULL,'2026-06-19','Alpha',NULL,'2026-06-17 07:56:24','2026-06-17 07:56:24'),
(24,23,NULL,1,NULL,'2026-06-20','Alpha',NULL,'2026-06-17 07:56:24','2026-06-17 07:56:24'),
(25,11,NULL,1,NULL,'2026-06-15','Alpha',NULL,'2026-06-17 07:56:41','2026-06-17 07:56:41'),
(26,11,NULL,1,NULL,'2026-06-16','Alpha',NULL,'2026-06-17 07:56:41','2026-06-17 07:56:41'),
(27,11,NULL,1,NULL,'2026-06-17','Alpha',NULL,'2026-06-17 07:56:41','2026-06-17 07:56:41'),
(28,11,NULL,1,NULL,'2026-06-18','Alpha',NULL,'2026-06-17 07:56:41','2026-06-17 07:56:41'),
(29,11,NULL,1,NULL,'2026-06-19','Alpha',NULL,'2026-06-17 07:56:41','2026-06-17 07:56:41'),
(30,11,NULL,1,NULL,'2026-06-20','Alpha',NULL,'2026-06-17 07:56:41','2026-06-17 07:56:41'),
(31,22,'Kupas Kelapa',1,NULL,'2026-06-08','Alpha',NULL,'2026-06-17 16:25:58','2026-06-17 16:25:58'),
(35,22,'Harian Kumpul',NULL,'RANOKETANG TUA','2026-06-15','Hadir',NULL,'2026-06-17 16:28:24','2026-06-22 08:10:53'),
(36,22,'Harian Kumpul',NULL,'RANOKETANG TUA','2026-06-08','Alpha',NULL,'2026-06-17 16:38:27','2026-06-19 12:35:49'),
(37,22,'Kupas Kelapa',NULL,'RANOKETANG TUA','2026-06-08','Alpha',NULL,'2026-06-17 16:38:44','2026-06-19 12:35:49'),
(38,22,'Harian Kumpul',NULL,'RANOKETANG TUA','2026-06-09','Hadir',NULL,'2026-06-17 16:39:13','2026-06-19 12:35:49'),
(39,22,'Harian Kumpul',NULL,'RANOKETANG TUA','2026-06-11','Hadir',NULL,'2026-06-17 16:39:13','2026-06-19 12:35:49'),
(40,22,'Harian Kumpul',NULL,'RANOKETANG TUA','2026-06-13','Hadir',NULL,'2026-06-17 16:39:13','2026-06-19 12:35:49'),
(41,22,'Kupas Kelapa',NULL,'RANOKETANG TUA','2026-06-10','Hadir',1830.00,'2026-06-17 16:39:30','2026-06-19 12:35:49'),
(42,1,'Harian Kumpul',NULL,'SAPA','2026-06-08','Hadir',NULL,'2026-06-17 16:41:37','2026-06-19 13:58:02'),
(43,12,'Pemanjat Kelapa',NULL,'SAPA','2026-06-08','Hadir',30.00,'2026-06-17 16:41:59','2026-06-19 13:58:02'),
(44,6,'Memaras Mesin',NULL,'SAPA','2026-06-08','Hadir',NULL,'2026-06-17 16:42:16','2026-06-19 13:58:02'),
(45,8,'Kupas Kelapa',NULL,'SAPA','2026-06-08','Hadir',1513.00,'2026-06-17 16:42:34','2026-06-19 13:58:02'),
(46,17,'Harian Kumpul',NULL,'RANOKETANG TUA','2026-06-15','Hadir',NULL,'2026-06-19 12:29:25','2026-06-22 08:10:53'),
(47,19,'Harian Kumpul',NULL,'RANOKETANG TUA','2026-06-15','Alpha',NULL,'2026-06-19 12:29:45','2026-06-22 08:10:53'),
(48,21,'Harian Kumpul',NULL,'RANOKETANG TUA','2026-06-15','Alpha',NULL,'2026-06-19 12:30:06','2026-06-22 08:10:53'),
(49,20,'Harian Kumpul',NULL,'RANOKETANG TUA','2026-06-15','Hadir',NULL,'2026-06-19 12:30:28','2026-06-22 08:10:53'),
(50,18,'Harian Kumpul',NULL,'RANOKETANG TUA','2026-06-15','Hadir',NULL,'2026-06-19 12:30:44','2026-06-22 08:10:53'),
(51,17,'Harian Kumpul',NULL,'RANOKETANG TUA','2026-06-08','Hadir',NULL,'2026-06-19 12:31:38','2026-06-19 12:35:49'),
(52,18,'Harian Kumpul',NULL,'RANOKETANG TUA','2026-06-08','Hadir',NULL,'2026-06-19 12:32:08','2026-06-19 12:35:49'),
(53,19,'Harian Kumpul',NULL,'RANOKETANG TUA','2026-06-08','Alpha',NULL,'2026-06-19 12:32:24','2026-06-19 12:35:49'),
(54,21,'Harian Kumpul',NULL,'RANOKETANG TUA','2026-06-08','Alpha',NULL,'2026-06-19 12:32:40','2026-06-19 12:35:49'),
(55,20,'Harian Kumpul',NULL,'RANOKETANG TUA','2026-06-08','Alpha',NULL,'2026-06-19 12:32:58','2026-06-19 12:35:49'),
(56,17,'Harian Kumpul',NULL,'RANOKETANG TUA','2026-06-09','Hadir',NULL,'2026-06-19 12:35:49','2026-06-19 12:35:49'),
(57,17,'Harian Kumpul',NULL,'RANOKETANG TUA','2026-06-10','Hadir',NULL,'2026-06-19 12:35:49','2026-06-19 12:35:49'),
(58,17,'Harian Kumpul',NULL,'RANOKETANG TUA','2026-06-11','Hadir',NULL,'2026-06-19 12:35:49','2026-06-19 12:35:49'),
(59,17,'Harian Kumpul',NULL,'RANOKETANG TUA','2026-06-12','Hadir',NULL,'2026-06-19 12:35:49','2026-06-19 12:35:49'),
(60,17,'Harian Kumpul',NULL,'RANOKETANG TUA','2026-06-13','Hadir',NULL,'2026-06-19 12:35:49','2026-06-19 12:35:49'),
(61,18,'Harian Kumpul',NULL,'RANOKETANG TUA','2026-06-09','Hadir',NULL,'2026-06-19 12:35:49','2026-06-19 12:35:49'),
(62,18,'Harian Kumpul',NULL,'RANOKETANG TUA','2026-06-10','Hadir',NULL,'2026-06-19 12:35:49','2026-06-19 12:35:49'),
(63,18,'Harian Kumpul',NULL,'RANOKETANG TUA','2026-06-11','Hadir',NULL,'2026-06-19 12:35:49','2026-06-19 12:35:49'),
(64,18,'Harian Kumpul',NULL,'RANOKETANG TUA','2026-06-12','Hadir',NULL,'2026-06-19 12:35:49','2026-06-19 12:35:49'),
(65,18,'Harian Kumpul',NULL,'RANOKETANG TUA','2026-06-13','Hadir',NULL,'2026-06-19 12:35:49','2026-06-19 12:35:49'),
(66,19,'Harian Kumpul',NULL,'RANOKETANG TUA','2026-06-09','Hadir',NULL,'2026-06-19 12:35:49','2026-06-19 12:35:49'),
(67,19,'Harian Kumpul',NULL,'RANOKETANG TUA','2026-06-12','Hadir',NULL,'2026-06-19 12:35:49','2026-06-19 12:35:49'),
(68,21,'Harian Kumpul',NULL,'RANOKETANG TUA','2026-06-10','Hadir',NULL,'2026-06-19 12:35:49','2026-06-19 12:35:49'),
(69,21,'Harian Kumpul',NULL,'RANOKETANG TUA','2026-06-12','Hadir',NULL,'2026-06-19 12:35:49','2026-06-19 12:35:49'),
(70,20,'Harian Kumpul',NULL,'RANOKETANG TUA','2026-06-09','Hadir',NULL,'2026-06-19 12:35:49','2026-06-19 12:35:49'),
(71,20,'Harian Kumpul',NULL,'RANOKETANG TUA','2026-06-10','Hadir',NULL,'2026-06-19 12:35:49','2026-06-19 12:35:49'),
(72,20,'Harian Kumpul',NULL,'RANOKETANG TUA','2026-06-12','Hadir',NULL,'2026-06-19 12:35:49','2026-06-19 12:35:49'),
(73,2,'Harian Kumpul',NULL,'SAPA','2026-06-08','Alpha',NULL,'2026-06-19 12:37:02','2026-06-19 13:58:02'),
(74,3,'Harian Kumpul',NULL,'SAPA','2026-06-08','Alpha',NULL,'2026-06-19 12:37:24','2026-06-19 13:58:02'),
(75,4,'Harian Kumpul',NULL,'SAPA','2026-06-08','Alpha',NULL,'2026-06-19 12:37:42','2026-06-19 13:58:02'),
(76,13,'Pemanjat Kelapa',NULL,'SAPA','2026-06-08','Hadir',25.00,'2026-06-19 12:40:15','2026-06-19 13:58:02'),
(78,14,'Pemanjat Kelapa',NULL,'SAPA','2026-06-08','Alpha',NULL,'2026-06-19 12:41:05','2026-06-19 13:58:02'),
(79,16,'Pemanjat Kelapa',NULL,'SAPA','2026-06-08','Alpha',NULL,'2026-06-19 12:41:27','2026-06-19 13:58:02'),
(80,15,'Pemanjat Kelapa',NULL,'SAPA','2026-06-08','Hadir',25.00,'2026-06-19 12:42:07','2026-06-19 13:58:02'),
(81,7,'Memaras Mesin',NULL,'SAPA','2026-06-08','Alpha',NULL,'2026-06-19 12:42:41','2026-06-19 13:58:02'),
(82,5,'Memaras Mesin',NULL,'SAPA','2026-06-08','Hadir',NULL,'2026-06-19 12:43:35','2026-06-19 13:58:02'),
(83,11,'Kupas Kelapa',NULL,'SAPA','2026-06-08','Hadir',900.00,'2026-06-19 12:44:13','2026-06-19 13:58:02'),
(84,10,'Kupas Kelapa',NULL,'SAPA','2026-06-08','Hadir',1000.00,'2026-06-19 12:44:30','2026-06-19 13:58:02'),
(85,9,'Kupas Kelapa',NULL,'SAPA','2026-06-08','Alpha',NULL,'2026-06-19 12:45:08','2026-06-19 13:58:02'),
(86,30,'Pemetik Cengkeh',NULL,'SAPA','2026-06-08','Hadir',12.50,'2026-06-19 13:29:58','2026-06-19 13:58:02'),
(87,31,'Pemetik Cengkeh',NULL,'SAPA','2026-06-08','Hadir',23.50,'2026-06-19 13:30:16','2026-06-19 13:58:02'),
(88,32,'Pemetik Cengkeh',NULL,'SAPA','2026-06-08','Hadir',12.00,'2026-06-19 13:30:33','2026-06-19 13:58:02'),
(89,33,'Penjemur Cengkeh',NULL,'SAPA','2026-06-08','Hadir',NULL,'2026-06-19 13:30:48','2026-06-19 13:58:02'),
(90,34,'Penjemur Cengkeh',NULL,'SAPA','2026-06-08','Hadir',NULL,'2026-06-19 13:31:07','2026-06-19 13:58:02'),
(91,1,'Harian Kumpul',NULL,'SAPA','2026-06-09','Hadir',NULL,'2026-06-19 13:38:41','2026-06-19 13:58:02'),
(92,1,'Harian Kumpul',NULL,'SAPA','2026-06-10','Hadir',NULL,'2026-06-19 13:38:41','2026-06-19 13:58:02'),
(93,1,'Harian Kumpul',NULL,'SAPA','2026-06-11','Hadir',NULL,'2026-06-19 13:38:41','2026-06-19 13:58:02'),
(94,1,'Harian Kumpul',NULL,'SAPA','2026-06-12','Hadir',NULL,'2026-06-19 13:38:41','2026-06-19 13:58:02'),
(95,1,'Harian Kumpul',NULL,'SAPA','2026-06-13','Hadir',NULL,'2026-06-19 13:38:41','2026-06-19 13:58:02'),
(96,2,'Harian Kumpul',NULL,'SAPA','2026-06-10','Hadir',NULL,'2026-06-19 13:38:41','2026-06-19 13:58:02'),
(97,2,'Harian Kumpul',NULL,'SAPA','2026-06-11','Hadir',NULL,'2026-06-19 13:38:41','2026-06-19 13:58:02'),
(98,2,'Harian Kumpul',NULL,'SAPA','2026-06-12','Hadir',NULL,'2026-06-19 13:38:41','2026-06-19 13:58:02'),
(99,2,'Harian Kumpul',NULL,'SAPA','2026-06-13','Hadir',NULL,'2026-06-19 13:38:41','2026-06-19 13:58:02'),
(100,3,'Harian Kumpul',NULL,'SAPA','2026-06-09','Hadir',NULL,'2026-06-19 13:38:41','2026-06-19 13:58:02'),
(101,3,'Harian Kumpul',NULL,'SAPA','2026-06-10','Hadir',NULL,'2026-06-19 13:38:41','2026-06-19 13:58:02'),
(102,3,'Harian Kumpul',NULL,'SAPA','2026-06-11','Hadir',NULL,'2026-06-19 13:38:41','2026-06-19 13:58:02'),
(103,3,'Harian Kumpul',NULL,'SAPA','2026-06-12','Hadir',NULL,'2026-06-19 13:38:41','2026-06-19 13:58:02'),
(104,3,'Harian Kumpul',NULL,'SAPA','2026-06-13','Hadir',NULL,'2026-06-19 13:38:41','2026-06-19 13:58:02'),
(105,4,'Harian Kumpul',NULL,'SAPA','2026-06-10','Hadir',NULL,'2026-06-19 13:38:41','2026-06-19 13:58:02'),
(106,4,'Harian Kumpul',NULL,'SAPA','2026-06-11','Hadir',NULL,'2026-06-19 13:38:41','2026-06-19 13:58:02'),
(107,4,'Harian Kumpul',NULL,'SAPA','2026-06-12','Hadir',NULL,'2026-06-19 13:38:41','2026-06-19 13:58:02'),
(108,4,'Harian Kumpul',NULL,'SAPA','2026-06-13','Hadir',NULL,'2026-06-19 13:38:41','2026-06-19 13:58:02'),
(109,12,'Pemanjat Kelapa',NULL,'SAPA','2026-06-09','Hadir',45.00,'2026-06-19 13:38:41','2026-06-19 13:58:02'),
(110,12,'Pemanjat Kelapa',NULL,'SAPA','2026-06-10','Hadir',40.00,'2026-06-19 13:38:41','2026-06-19 13:58:02'),
(111,12,'Pemanjat Kelapa',NULL,'SAPA','2026-06-11','Hadir',31.00,'2026-06-19 13:38:41','2026-06-19 13:58:02'),
(112,12,'Pemanjat Kelapa',NULL,'SAPA','2026-06-12','Hadir',45.00,'2026-06-19 13:38:41','2026-06-19 13:58:02'),
(113,13,'Pemanjat Kelapa',NULL,'SAPA','2026-06-09','Hadir',40.00,'2026-06-19 13:38:41','2026-06-19 13:58:02'),
(114,13,'Pemanjat Kelapa',NULL,'SAPA','2026-06-10','Hadir',42.00,'2026-06-19 13:38:41','2026-06-19 13:58:02'),
(115,13,'Pemanjat Kelapa',NULL,'SAPA','2026-06-11','Hadir',32.00,'2026-06-19 13:38:41','2026-06-19 13:58:02'),
(116,13,'Pemanjat Kelapa',NULL,'SAPA','2026-06-12','Hadir',31.00,'2026-06-19 13:38:41','2026-06-19 13:58:02'),
(117,14,'Pemanjat Kelapa',NULL,'SAPA','2026-06-09','Hadir',42.00,'2026-06-19 13:38:41','2026-06-19 13:58:02'),
(118,14,'Pemanjat Kelapa',NULL,'SAPA','2026-06-10','Hadir',44.00,'2026-06-19 13:38:41','2026-06-19 13:58:02'),
(119,14,'Pemanjat Kelapa',NULL,'SAPA','2026-06-11','Hadir',35.00,'2026-06-19 13:38:41','2026-06-19 13:58:02'),
(120,14,'Pemanjat Kelapa',NULL,'SAPA','2026-06-12','Hadir',42.00,'2026-06-19 13:38:41','2026-06-19 13:58:02'),
(121,16,'Pemanjat Kelapa',NULL,'SAPA','2026-06-09','Hadir',41.00,'2026-06-19 13:38:41','2026-06-19 13:58:02'),
(122,16,'Pemanjat Kelapa',NULL,'SAPA','2026-06-10','Hadir',27.00,'2026-06-19 13:38:41','2026-06-19 13:58:02'),
(123,16,'Pemanjat Kelapa',NULL,'SAPA','2026-06-11','Hadir',27.00,'2026-06-19 13:38:41','2026-06-19 13:58:02'),
(124,16,'Pemanjat Kelapa',NULL,'SAPA','2026-06-12','Hadir',42.00,'2026-06-19 13:38:41','2026-06-19 13:58:02'),
(125,6,'Memaras Mesin',NULL,'SAPA','2026-06-09','Hadir',NULL,'2026-06-19 13:38:41','2026-06-19 13:58:02'),
(126,6,'Memaras Mesin',NULL,'SAPA','2026-06-10','Hadir',NULL,'2026-06-19 13:38:41','2026-06-19 13:58:02'),
(127,6,'Memaras Mesin',NULL,'SAPA','2026-06-11','Hadir',NULL,'2026-06-19 13:38:41','2026-06-19 13:58:02'),
(128,6,'Memaras Mesin',NULL,'SAPA','2026-06-12','Alpha',NULL,'2026-06-19 13:38:41','2026-06-19 13:58:02'),
(129,6,'Memaras Mesin',NULL,'SAPA','2026-06-13','Hadir',NULL,'2026-06-19 13:38:41','2026-06-19 13:58:02'),
(130,7,'Memaras Mesin',NULL,'SAPA','2026-06-10','Hadir',NULL,'2026-06-19 13:38:41','2026-06-19 13:58:02'),
(131,7,'Memaras Mesin',NULL,'SAPA','2026-06-11','Hadir',NULL,'2026-06-19 13:38:41','2026-06-19 13:58:02'),
(132,7,'Memaras Mesin',NULL,'SAPA','2026-06-12','Hadir',NULL,'2026-06-19 13:38:41','2026-06-19 13:58:02'),
(133,7,'Memaras Mesin',NULL,'SAPA','2026-06-13','Hadir',NULL,'2026-06-19 13:38:41','2026-06-19 13:58:02'),
(134,5,'Memaras Mesin',NULL,'SAPA','2026-06-09','Hadir',NULL,'2026-06-19 13:38:41','2026-06-19 13:58:02'),
(135,5,'Memaras Mesin',NULL,'SAPA','2026-06-10','Hadir',NULL,'2026-06-19 13:38:41','2026-06-19 13:58:02'),
(136,5,'Memaras Mesin',NULL,'SAPA','2026-06-11','Hadir',NULL,'2026-06-19 13:38:41','2026-06-19 13:58:02'),
(137,5,'Memaras Mesin',NULL,'SAPA','2026-06-12','Hadir',NULL,'2026-06-19 13:38:41','2026-06-19 13:58:02'),
(138,5,'Memaras Mesin',NULL,'SAPA','2026-06-13','Hadir',NULL,'2026-06-19 13:38:41','2026-06-19 13:58:02'),
(139,8,'Kupas Kelapa',NULL,'SAPA','2026-06-09','Hadir',1100.00,'2026-06-19 13:38:41','2026-06-19 13:58:02'),
(140,8,'Kupas Kelapa',NULL,'SAPA','2026-06-10','Hadir',1000.00,'2026-06-19 13:38:41','2026-06-19 13:58:02'),
(141,8,'Kupas Kelapa',NULL,'SAPA','2026-06-11','Hadir',1100.00,'2026-06-19 13:38:41','2026-06-19 13:58:02'),
(142,8,'Kupas Kelapa',NULL,'SAPA','2026-06-12','Hadir',1200.00,'2026-06-19 13:38:41','2026-06-19 13:58:02'),
(143,8,'Kupas Kelapa',NULL,'SAPA','2026-06-13','Hadir',1050.00,'2026-06-19 13:38:41','2026-06-19 13:58:02'),
(144,11,'Kupas Kelapa',NULL,'SAPA','2026-06-09','Hadir',1300.00,'2026-06-19 13:38:41','2026-06-19 13:58:02'),
(145,11,'Kupas Kelapa',NULL,'SAPA','2026-06-10','Hadir',842.00,'2026-06-19 13:38:41','2026-06-19 13:58:02'),
(146,10,'Kupas Kelapa',NULL,'SAPA','2026-06-09','Hadir',1650.00,'2026-06-19 13:38:41','2026-06-19 13:58:02'),
(147,10,'Kupas Kelapa',NULL,'SAPA','2026-06-10','Hadir',830.00,'2026-06-19 13:38:41','2026-06-19 13:58:02'),
(148,9,'Kupas Kelapa',NULL,'SAPA','2026-06-09','Hadir',1100.00,'2026-06-19 13:38:41','2026-06-19 13:58:02'),
(149,9,'Kupas Kelapa',NULL,'SAPA','2026-06-10','Hadir',904.00,'2026-06-19 13:38:41','2026-06-19 13:58:02'),
(150,9,'Kupas Kelapa',NULL,'SAPA','2026-06-11','Hadir',1150.00,'2026-06-19 13:38:41','2026-06-19 13:58:02'),
(151,9,'Kupas Kelapa',NULL,'SAPA','2026-06-12','Hadir',1050.00,'2026-06-19 13:38:41','2026-06-19 13:58:02'),
(152,9,'Kupas Kelapa',NULL,'SAPA','2026-06-13','Hadir',900.00,'2026-06-19 13:38:41','2026-06-19 13:58:02'),
(153,30,'Pemetik Cengkeh',NULL,'SAPA','2026-06-10','Hadir',16.50,'2026-06-19 13:58:02','2026-06-19 13:58:02'),
(154,30,'Pemetik Cengkeh',NULL,'SAPA','2026-06-12','Hadir',12.50,'2026-06-19 13:58:02','2026-06-19 13:58:02'),
(155,31,'Pemetik Cengkeh',NULL,'SAPA','2026-06-09','Hadir',25.00,'2026-06-19 13:58:02','2026-06-19 13:58:02'),
(156,31,'Pemetik Cengkeh',NULL,'SAPA','2026-06-11','Hadir',17.50,'2026-06-19 13:58:02','2026-06-19 13:58:02'),
(157,31,'Pemetik Cengkeh',NULL,'SAPA','2026-06-12','Hadir',13.50,'2026-06-19 13:58:02','2026-06-19 13:58:02'),
(158,32,'Pemetik Cengkeh',NULL,'SAPA','2026-06-09','Hadir',12.00,'2026-06-19 13:58:02','2026-06-19 13:58:02'),
(159,32,'Pemetik Cengkeh',NULL,'SAPA','2026-06-11','Hadir',9.00,'2026-06-19 13:58:02','2026-06-19 13:58:02'),
(160,33,'Penjemur Cengkeh',NULL,'SAPA','2026-06-09','Hadir',NULL,'2026-06-19 13:58:02','2026-06-19 13:58:02'),
(161,33,'Penjemur Cengkeh',NULL,'SAPA','2026-06-10','Hadir',NULL,'2026-06-19 13:58:02','2026-06-19 13:58:02'),
(162,33,'Penjemur Cengkeh',NULL,'SAPA','2026-06-11','Hadir',NULL,'2026-06-19 13:58:02','2026-06-19 13:58:02'),
(163,33,'Penjemur Cengkeh',NULL,'SAPA','2026-06-12','Hadir',NULL,'2026-06-19 13:58:02','2026-06-19 13:58:02'),
(164,34,'Penjemur Cengkeh',NULL,'SAPA','2026-06-09','Hadir',NULL,'2026-06-19 13:58:02','2026-06-19 13:58:02'),
(165,34,'Penjemur Cengkeh',NULL,'SAPA','2026-06-10','Hadir',NULL,'2026-06-19 13:58:02','2026-06-19 13:58:02'),
(166,34,'Penjemur Cengkeh',NULL,'SAPA','2026-06-11','Hadir',NULL,'2026-06-19 13:58:02','2026-06-19 13:58:02'),
(167,34,'Penjemur Cengkeh',NULL,'SAPA','2026-06-12','Hadir',NULL,'2026-06-19 13:58:02','2026-06-19 13:58:02'),
(168,25,'Memaras Mesin',NULL,'TOMBATU','2026-06-08','Hadir',NULL,'2026-06-19 14:01:35','2026-06-21 09:45:06'),
(169,23,'Memaras Mesin',NULL,'TOMBATU','2026-06-08','Hadir',NULL,'2026-06-19 14:01:55','2026-06-21 09:45:06'),
(170,24,'Memaras Mesin',NULL,'TOMBATU','2026-06-08','Alpha',NULL,'2026-06-19 14:02:11','2026-06-21 09:45:06'),
(171,26,'Memaras Mesin',NULL,'TOMBATU','2026-06-08','Hadir',NULL,'2026-06-19 14:02:33','2026-06-21 09:45:06'),
(172,27,'Harian Kumpul',NULL,'TOMBATU','2026-06-08','Alpha',NULL,'2026-06-19 14:03:24','2026-06-21 09:45:06'),
(173,25,'Memaras Mesin',NULL,'TOMBATU','2026-06-09','Hadir',NULL,'2026-06-19 14:12:18','2026-06-21 09:45:06'),
(174,25,'Memaras Mesin',NULL,'TOMBATU','2026-06-10','Hadir',NULL,'2026-06-19 14:12:18','2026-06-21 09:45:06'),
(175,25,'Memaras Mesin',NULL,'TOMBATU','2026-06-11','Hadir',NULL,'2026-06-19 14:12:18','2026-06-21 09:45:06'),
(176,25,'Memaras Mesin',NULL,'TOMBATU','2026-06-12','Hadir',NULL,'2026-06-19 14:12:18','2026-06-21 09:45:06'),
(177,23,'Memaras Mesin',NULL,'TOMBATU','2026-06-09','Hadir',NULL,'2026-06-19 14:12:18','2026-06-21 09:45:06'),
(178,23,'Memaras Mesin',NULL,'TOMBATU','2026-06-10','Hadir',NULL,'2026-06-19 14:12:18','2026-06-21 09:45:06'),
(179,23,'Memaras Mesin',NULL,'TOMBATU','2026-06-11','Hadir',NULL,'2026-06-19 14:12:18','2026-06-21 09:45:06'),
(180,23,'Memaras Mesin',NULL,'TOMBATU','2026-06-12','Hadir',NULL,'2026-06-19 14:12:18','2026-06-21 09:45:06'),
(181,23,'Memaras Mesin',NULL,'TOMBATU','2026-06-13','Hadir',NULL,'2026-06-19 14:12:18','2026-06-21 09:45:06'),
(182,24,'Memaras Mesin',NULL,'TOMBATU','2026-06-10','Hadir',NULL,'2026-06-19 14:12:18','2026-06-21 09:45:06'),
(183,24,'Memaras Mesin',NULL,'TOMBATU','2026-06-11','Hadir',NULL,'2026-06-19 14:12:18','2026-06-21 09:45:06'),
(184,24,'Memaras Mesin',NULL,'TOMBATU','2026-06-12','Hadir',NULL,'2026-06-19 14:12:18','2026-06-21 09:45:06'),
(185,26,'Memaras Mesin',NULL,'TOMBATU','2026-06-09','Hadir',NULL,'2026-06-19 14:12:18','2026-06-21 09:45:06'),
(186,26,'Memaras Mesin',NULL,'TOMBATU','2026-06-10','Hadir',NULL,'2026-06-19 14:12:18','2026-06-21 09:45:06'),
(187,26,'Memaras Mesin',NULL,'TOMBATU','2026-06-11','Hadir',NULL,'2026-06-19 14:12:18','2026-06-21 09:45:06'),
(188,26,'Memaras Mesin',NULL,'TOMBATU','2026-06-12','Hadir',NULL,'2026-06-19 14:12:18','2026-06-21 09:45:06'),
(189,26,'Memaras Mesin',NULL,'TOMBATU','2026-06-13','Hadir',NULL,'2026-06-19 14:12:18','2026-06-21 09:45:06'),
(190,35,'Harian Kumpul',NULL,'TOMBATU','2026-06-08','Hadir',NULL,'2026-06-19 14:16:50','2026-06-21 09:45:06'),
(191,27,'Harian Kumpul',NULL,'TOMBATU','2026-06-09','Alpha',NULL,'2026-06-19 14:17:39','2026-06-21 09:45:06'),
(192,27,'Harian Kumpul',NULL,'TOMBATU','2026-06-10','Hadir',NULL,'2026-06-19 14:17:39','2026-06-21 09:45:06'),
(193,27,'Harian Kumpul',NULL,'TOMBATU','2026-06-11','Hadir',NULL,'2026-06-19 14:17:39','2026-06-21 09:45:06'),
(194,27,'Harian Kumpul',NULL,'TOMBATU','2026-06-12','Hadir',NULL,'2026-06-19 14:17:39','2026-06-21 09:45:06'),
(195,27,'Harian Kumpul',NULL,'TOMBATU','2026-06-13','Hadir',NULL,'2026-06-19 14:17:39','2026-06-21 09:45:06'),
(200,25,'Memaras Mesin',NULL,'TOMBATU','2026-06-07','Hadir',NULL,'2026-06-19 14:36:17','2026-06-21 09:45:06'),
(201,23,'Memaras Mesin',NULL,'TOMBATU','2026-06-07','Hadir',NULL,'2026-06-19 14:36:17','2026-06-21 09:45:06'),
(202,23,'Memaras Mesin',NULL,'TOMBATU','2026-06-14','Hadir',NULL,'2026-06-19 14:36:17','2026-06-21 09:45:06'),
(203,26,'Memaras Mesin',NULL,'TOMBATU','2026-06-07','Hadir',NULL,'2026-06-19 14:36:17','2026-06-21 09:45:06'),
(204,26,'Memaras Mesin',NULL,'TOMBATU','2026-06-14','Hadir',NULL,'2026-06-19 14:36:17','2026-06-21 09:45:06'),
(205,27,'Harian Kumpul',NULL,'TOMBATU','2026-06-14','Hadir',NULL,'2026-06-19 14:36:17','2026-06-21 09:45:06'),
(206,2,'Harian Kumpul',NULL,'SAPA','2026-06-01','Hadir',NULL,'2026-06-19 14:41:46','2026-06-19 15:04:40'),
(207,1,'Harian Kumpul',NULL,'SAPA','2026-06-01','Hadir',NULL,'2026-06-19 14:41:58','2026-06-19 15:04:40'),
(208,3,'Harian Kumpul',NULL,'SAPA','2026-06-01','Alpha',NULL,'2026-06-19 14:42:22','2026-06-19 15:04:40'),
(209,4,'Harian Kumpul',NULL,'SAPA','2026-06-01','Hadir',NULL,'2026-06-19 14:42:39','2026-06-19 15:04:40'),
(215,8,'Kupas Kelapa',NULL,'SAPA','2026-06-01','Hadir',1150.00,'2026-06-19 14:45:51','2026-06-19 15:04:40'),
(216,11,'Kupas Kelapa',NULL,'SAPA','2026-06-01','Hadir',1060.00,'2026-06-19 14:46:15','2026-06-19 15:04:40'),
(217,10,'Kupas Kelapa',NULL,'SAPA','2026-06-01','Alpha',NULL,'2026-06-19 14:46:42','2026-06-19 15:04:40'),
(218,9,'Kupas Kelapa',NULL,'SAPA','2026-06-01','Alpha',NULL,'2026-06-19 14:47:05','2026-06-19 15:04:40'),
(219,6,'Memaras Mesin',NULL,'SAPA','2026-06-01','Hadir',NULL,'2026-06-19 14:47:46','2026-06-19 15:04:40'),
(220,5,'Memaras Mesin',NULL,'SAPA','2026-06-01','Hadir',NULL,'2026-06-19 14:50:59','2026-06-19 15:04:40'),
(221,7,'Memaras Mesin',NULL,'SAPA','2026-06-01','Hadir',NULL,'2026-06-19 14:51:18','2026-06-19 15:04:40'),
(222,12,'Pemanjat Kelapa',NULL,'SAPA','2026-06-01','Hadir',40.00,'2026-06-19 14:51:47','2026-06-19 15:04:40'),
(223,13,'Pemanjat Kelapa',NULL,'SAPA','2026-06-01','Hadir',42.00,'2026-06-19 14:52:04','2026-06-19 15:04:40'),
(224,2,'Harian Kumpul',NULL,'SAPA','2026-06-02','Hadir',NULL,'2026-06-19 14:52:30','2026-06-19 15:04:40'),
(225,2,'Harian Kumpul',NULL,'SAPA','2026-06-03','Hadir',NULL,'2026-06-19 14:52:30','2026-06-19 15:04:40'),
(226,2,'Harian Kumpul',NULL,'SAPA','2026-06-04','Hadir',NULL,'2026-06-19 14:52:30','2026-06-19 15:04:40'),
(227,2,'Harian Kumpul',NULL,'SAPA','2026-06-05','Hadir',NULL,'2026-06-19 14:52:30','2026-06-19 15:04:40'),
(228,2,'Harian Kumpul',NULL,'SAPA','2026-06-06','Hadir',NULL,'2026-06-19 14:52:30','2026-06-19 15:04:40'),
(229,1,'Harian Kumpul',NULL,'SAPA','2026-06-02','Hadir',NULL,'2026-06-19 15:04:40','2026-06-19 15:04:40'),
(230,1,'Harian Kumpul',NULL,'SAPA','2026-06-03','Hadir',NULL,'2026-06-19 15:04:40','2026-06-19 15:04:40'),
(231,1,'Harian Kumpul',NULL,'SAPA','2026-06-04','Hadir',NULL,'2026-06-19 15:04:40','2026-06-19 15:04:40'),
(232,1,'Harian Kumpul',NULL,'SAPA','2026-06-06','Hadir',NULL,'2026-06-19 15:04:40','2026-06-19 15:04:40'),
(233,3,'Harian Kumpul',NULL,'SAPA','2026-06-04','Hadir',NULL,'2026-06-19 15:04:40','2026-06-19 15:04:40'),
(234,3,'Harian Kumpul',NULL,'SAPA','2026-06-05','Hadir',NULL,'2026-06-19 15:04:40','2026-06-19 15:04:40'),
(235,3,'Harian Kumpul',NULL,'SAPA','2026-06-06','Hadir',NULL,'2026-06-19 15:04:40','2026-06-19 15:04:40'),
(236,4,'Harian Kumpul',NULL,'SAPA','2026-06-02','Hadir',NULL,'2026-06-19 15:04:40','2026-06-19 15:04:40'),
(237,4,'Harian Kumpul',NULL,'SAPA','2026-06-03','Hadir',NULL,'2026-06-19 15:04:40','2026-06-19 15:04:40'),
(238,4,'Harian Kumpul',NULL,'SAPA','2026-06-04','Hadir',NULL,'2026-06-19 15:04:40','2026-06-19 15:04:40'),
(239,4,'Harian Kumpul',NULL,'SAPA','2026-06-05','Hadir',NULL,'2026-06-19 15:04:40','2026-06-19 15:04:40'),
(240,4,'Harian Kumpul',NULL,'SAPA','2026-06-06','Hadir',NULL,'2026-06-19 15:04:40','2026-06-19 15:04:40'),
(241,8,'Kupas Kelapa',NULL,'SAPA','2026-06-02','Hadir',1240.00,'2026-06-19 15:04:40','2026-06-19 15:04:40'),
(242,8,'Kupas Kelapa',NULL,'SAPA','2026-06-03','Hadir',1350.00,'2026-06-19 15:04:40','2026-06-19 15:04:40'),
(243,8,'Kupas Kelapa',NULL,'SAPA','2026-06-04','Hadir',1217.00,'2026-06-19 15:04:40','2026-06-19 15:04:40'),
(244,8,'Kupas Kelapa',NULL,'SAPA','2026-06-06','Hadir',1180.00,'2026-06-19 15:04:40','2026-06-19 15:04:40'),
(245,11,'Kupas Kelapa',NULL,'SAPA','2026-06-02','Hadir',1170.00,'2026-06-19 15:04:40','2026-06-19 15:04:40'),
(246,11,'Kupas Kelapa',NULL,'SAPA','2026-06-03','Hadir',1360.00,'2026-06-19 15:04:40','2026-06-19 15:04:40'),
(247,11,'Kupas Kelapa',NULL,'SAPA','2026-06-04','Hadir',1270.00,'2026-06-19 15:04:40','2026-06-19 15:04:40'),
(248,10,'Kupas Kelapa',NULL,'SAPA','2026-06-02','Hadir',1050.00,'2026-06-19 15:04:40','2026-06-19 15:04:40'),
(249,10,'Kupas Kelapa',NULL,'SAPA','2026-06-03','Hadir',1450.00,'2026-06-19 15:04:40','2026-06-19 15:04:40'),
(250,10,'Kupas Kelapa',NULL,'SAPA','2026-06-04','Hadir',732.00,'2026-06-19 15:04:40','2026-06-19 15:04:40'),
(251,10,'Kupas Kelapa',NULL,'SAPA','2026-06-05','Hadir',980.00,'2026-06-19 15:04:40','2026-06-19 15:04:40'),
(252,10,'Kupas Kelapa',NULL,'SAPA','2026-06-06','Hadir',1050.00,'2026-06-19 15:04:40','2026-06-19 15:04:40'),
(253,9,'Kupas Kelapa',NULL,'SAPA','2026-06-02','Hadir',1100.00,'2026-06-19 15:04:40','2026-06-19 15:04:40'),
(254,9,'Kupas Kelapa',NULL,'SAPA','2026-06-03','Hadir',1440.00,'2026-06-19 15:04:40','2026-06-19 15:04:40'),
(255,9,'Kupas Kelapa',NULL,'SAPA','2026-06-04','Hadir',900.00,'2026-06-19 15:04:40','2026-06-19 15:04:40'),
(256,9,'Kupas Kelapa',NULL,'SAPA','2026-06-05','Hadir',1070.00,'2026-06-19 15:04:40','2026-06-19 15:04:40'),
(257,6,'Memaras Mesin',NULL,'SAPA','2026-06-02','Hadir',NULL,'2026-06-19 15:04:40','2026-06-19 15:04:40'),
(258,6,'Memaras Mesin',NULL,'SAPA','2026-06-04','Hadir',NULL,'2026-06-19 15:04:40','2026-06-19 15:04:40'),
(259,6,'Memaras Mesin',NULL,'SAPA','2026-06-05','Hadir',NULL,'2026-06-19 15:04:40','2026-06-19 15:04:40'),
(260,6,'Memaras Mesin',NULL,'SAPA','2026-06-06','Hadir',NULL,'2026-06-19 15:04:40','2026-06-19 15:04:40'),
(261,5,'Memaras Mesin',NULL,'SAPA','2026-06-02','Hadir',NULL,'2026-06-19 15:04:40','2026-06-19 15:04:40'),
(262,5,'Memaras Mesin',NULL,'SAPA','2026-06-03','Hadir',NULL,'2026-06-19 15:04:40','2026-06-19 15:04:40'),
(263,5,'Memaras Mesin',NULL,'SAPA','2026-06-04','Hadir',NULL,'2026-06-19 15:04:40','2026-06-19 15:04:40'),
(264,5,'Memaras Mesin',NULL,'SAPA','2026-06-05','Hadir',NULL,'2026-06-19 15:04:40','2026-06-19 15:04:40'),
(265,5,'Memaras Mesin',NULL,'SAPA','2026-06-06','Hadir',NULL,'2026-06-19 15:04:40','2026-06-19 15:04:40'),
(266,7,'Memaras Mesin',NULL,'SAPA','2026-06-02','Hadir',NULL,'2026-06-19 15:04:40','2026-06-19 15:04:40'),
(267,7,'Memaras Mesin',NULL,'SAPA','2026-06-03','Hadir',NULL,'2026-06-19 15:04:40','2026-06-19 15:04:40'),
(268,7,'Memaras Mesin',NULL,'SAPA','2026-06-04','Hadir',NULL,'2026-06-19 15:04:40','2026-06-19 15:04:40'),
(269,7,'Memaras Mesin',NULL,'SAPA','2026-06-05','Hadir',NULL,'2026-06-19 15:04:40','2026-06-19 15:04:40'),
(270,7,'Memaras Mesin',NULL,'SAPA','2026-06-06','Hadir',NULL,'2026-06-19 15:04:40','2026-06-19 15:04:40'),
(271,12,'Pemanjat Kelapa',NULL,'SAPA','2026-06-02','Hadir',50.00,'2026-06-19 15:04:40','2026-06-19 15:04:40'),
(272,12,'Pemanjat Kelapa',NULL,'SAPA','2026-06-03','Hadir',47.00,'2026-06-19 15:04:40','2026-06-19 15:04:40'),
(273,12,'Pemanjat Kelapa',NULL,'SAPA','2026-06-04','Hadir',51.00,'2026-06-19 15:04:40','2026-06-19 15:04:40'),
(274,12,'Pemanjat Kelapa',NULL,'SAPA','2026-06-06','Hadir',52.00,'2026-06-19 15:04:40','2026-06-19 15:04:40'),
(275,13,'Pemanjat Kelapa',NULL,'SAPA','2026-06-03','Hadir',50.00,'2026-06-19 15:04:40','2026-06-19 15:04:40'),
(276,13,'Pemanjat Kelapa',NULL,'SAPA','2026-06-04','Hadir',47.00,'2026-06-19 15:04:40','2026-06-19 15:04:40'),
(277,13,'Pemanjat Kelapa',NULL,'SAPA','2026-06-06','Hadir',48.00,'2026-06-19 15:04:40','2026-06-19 15:04:40'),
(278,17,'Harian Kumpul',NULL,'RANOKETANG TUA','2026-06-01','Hadir',NULL,'2026-06-19 15:06:19','2026-06-19 15:22:59'),
(279,22,'Harian Kumpul',NULL,'RANOKETANG TUA','2026-06-01','Hadir',NULL,'2026-06-19 15:06:41','2026-06-19 15:22:59'),
(280,19,'Harian Kumpul',NULL,'RANOKETANG TUA','2026-06-01','Alpha',NULL,'2026-06-19 15:06:56','2026-06-19 15:22:59'),
(281,21,'Harian Kumpul',NULL,'RANOKETANG TUA','2026-06-01','Alpha',NULL,'2026-06-19 15:07:14','2026-06-19 15:22:59'),
(282,20,'Harian Kumpul',NULL,'RANOKETANG TUA','2026-06-01','Alpha',NULL,'2026-06-19 15:07:41','2026-06-19 15:22:59'),
(283,18,'Harian Kumpul',NULL,'RANOKETANG TUA','2026-06-01','Hadir',NULL,'2026-06-19 15:08:02','2026-06-19 15:22:59'),
(284,37,'Pemanjat Kelapa',NULL,'RANOKETANG TUA','2026-06-01','Hadir',26.00,'2026-06-19 15:09:38','2026-06-19 15:22:59'),
(285,38,'Pemanjat Kelapa',NULL,'RANOKETANG TUA','2026-06-01','Hadir',15.00,'2026-06-19 15:10:50','2026-06-19 15:22:59'),
(286,39,'Pemanjat Kelapa',NULL,'RANOKETANG TUA','2026-06-01','Hadir',25.00,'2026-06-19 15:12:03','2026-06-19 15:22:59'),
(287,40,'Pemanjat Kelapa',NULL,'RANOKETANG TUA','2026-06-01','Alpha',NULL,'2026-06-19 15:13:20','2026-06-19 15:22:59'),
(288,41,'Pemanjat Kelapa',NULL,'RANOKETANG TUA','2026-06-01','Alpha',NULL,'2026-06-19 15:14:08','2026-06-19 15:22:59'),
(289,38,'Kupas Kelapa',NULL,'RANOKETANG TUA','2026-06-01','Alpha',NULL,'2026-06-19 15:14:31','2026-06-19 15:22:59'),
(290,22,'Kupas Kelapa',NULL,'RANOKETANG TUA','2026-06-01','Alpha',NULL,'2026-06-19 15:14:46','2026-06-19 15:22:59'),
(291,17,'Harian Kumpul',NULL,'RANOKETANG TUA','2026-06-02','Hadir',NULL,'2026-06-19 15:22:59','2026-06-19 15:22:59'),
(292,17,'Harian Kumpul',NULL,'RANOKETANG TUA','2026-06-03','Hadir',NULL,'2026-06-19 15:22:59','2026-06-19 15:22:59'),
(293,17,'Harian Kumpul',NULL,'RANOKETANG TUA','2026-06-04','Hadir',NULL,'2026-06-19 15:22:59','2026-06-19 15:22:59'),
(294,17,'Harian Kumpul',NULL,'RANOKETANG TUA','2026-06-05','Hadir',NULL,'2026-06-19 15:22:59','2026-06-19 15:22:59'),
(295,22,'Harian Kumpul',NULL,'RANOKETANG TUA','2026-06-02','Hadir',NULL,'2026-06-19 15:22:59','2026-06-19 15:22:59'),
(296,22,'Harian Kumpul',NULL,'RANOKETANG TUA','2026-06-03','Hadir',NULL,'2026-06-19 15:22:59','2026-06-19 15:22:59'),
(297,22,'Harian Kumpul',NULL,'RANOKETANG TUA','2026-06-04','Hadir',NULL,'2026-06-19 15:22:59','2026-06-19 15:22:59'),
(298,22,'Kupas Kelapa',NULL,'RANOKETANG TUA','2026-06-05','Hadir',2556.00,'2026-06-19 15:22:59','2026-06-19 15:22:59'),
(299,19,'Harian Kumpul',NULL,'RANOKETANG TUA','2026-06-03','Hadir',NULL,'2026-06-19 15:22:59','2026-06-19 15:22:59'),
(300,19,'Harian Kumpul',NULL,'RANOKETANG TUA','2026-06-04','Hadir',NULL,'2026-06-19 15:22:59','2026-06-19 15:22:59'),
(301,19,'Harian Kumpul',NULL,'RANOKETANG TUA','2026-06-05','Hadir',NULL,'2026-06-19 15:22:59','2026-06-19 15:22:59'),
(302,19,'Harian Kumpul',NULL,'RANOKETANG TUA','2026-06-06','Hadir',NULL,'2026-06-19 15:22:59','2026-06-19 15:22:59'),
(303,21,'Harian Kumpul',NULL,'RANOKETANG TUA','2026-06-03','Hadir',NULL,'2026-06-19 15:22:59','2026-06-19 15:22:59'),
(304,21,'Harian Kumpul',NULL,'RANOKETANG TUA','2026-06-04','Hadir',NULL,'2026-06-19 15:22:59','2026-06-19 15:22:59'),
(305,21,'Harian Kumpul',NULL,'RANOKETANG TUA','2026-06-05','Hadir',NULL,'2026-06-19 15:22:59','2026-06-19 15:22:59'),
(306,20,'Harian Kumpul',NULL,'RANOKETANG TUA','2026-06-03','Hadir',NULL,'2026-06-19 15:22:59','2026-06-19 15:22:59'),
(307,20,'Harian Kumpul',NULL,'RANOKETANG TUA','2026-06-04','Hadir',NULL,'2026-06-19 15:22:59','2026-06-19 15:22:59'),
(308,20,'Harian Kumpul',NULL,'RANOKETANG TUA','2026-06-05','Hadir',NULL,'2026-06-19 15:22:59','2026-06-19 15:22:59'),
(309,20,'Harian Kumpul',NULL,'RANOKETANG TUA','2026-06-06','Hadir',NULL,'2026-06-19 15:22:59','2026-06-19 15:22:59'),
(310,18,'Harian Kumpul',NULL,'RANOKETANG TUA','2026-06-02','Hadir',NULL,'2026-06-19 15:22:59','2026-06-19 15:22:59'),
(311,18,'Harian Kumpul',NULL,'RANOKETANG TUA','2026-06-03','Hadir',NULL,'2026-06-19 15:22:59','2026-06-19 15:22:59'),
(312,18,'Harian Kumpul',NULL,'RANOKETANG TUA','2026-06-04','Hadir',NULL,'2026-06-19 15:22:59','2026-06-19 15:22:59'),
(313,18,'Harian Kumpul',NULL,'RANOKETANG TUA','2026-06-05','Hadir',NULL,'2026-06-19 15:22:59','2026-06-19 15:22:59'),
(314,18,'Harian Kumpul',NULL,'RANOKETANG TUA','2026-06-06','Hadir',NULL,'2026-06-19 15:22:59','2026-06-19 15:22:59'),
(315,38,'Pemanjat Kelapa',NULL,'RANOKETANG TUA','2026-06-02','Hadir',31.00,'2026-06-19 15:22:59','2026-06-19 15:22:59'),
(316,38,'Pemanjat Kelapa',NULL,'RANOKETANG TUA','2026-06-03','Hadir',11.00,'2026-06-19 15:22:59','2026-06-19 15:22:59'),
(317,38,'Kupas Kelapa',NULL,'RANOKETANG TUA','2026-06-05','Hadir',1920.00,'2026-06-19 15:22:59','2026-06-19 15:22:59'),
(318,39,'Pemanjat Kelapa',NULL,'RANOKETANG TUA','2026-06-02','Hadir',23.00,'2026-06-19 15:22:59','2026-06-19 15:22:59'),
(323,35,'Harian Kumpul',NULL,'TOMBATU','2026-06-01','Alpha',NULL,'2026-06-19 15:26:45','2026-06-19 15:42:46'),
(324,42,'Pemanjat Kelapa',NULL,'TOMBATU','2026-06-01','Hadir',40.00,'2026-06-19 15:30:34','2026-06-19 15:42:46'),
(325,43,'Pemanjat Kelapa',NULL,'TOMBATU','2026-06-01','Alpha',NULL,'2026-06-19 15:30:57','2026-06-19 15:42:46'),
(326,44,'Pemanjat Kelapa',NULL,'TOMBATU','2026-06-01','Alpha',NULL,'2026-06-19 15:31:14','2026-06-19 15:42:46'),
(327,45,'Pemanjat Kelapa',NULL,'TOMBATU','2026-06-01','Alpha',NULL,'2026-06-19 15:31:30','2026-06-19 15:42:46'),
(328,46,'Pemanjat Kelapa',NULL,'TOMBATU','2026-06-01','Alpha',NULL,'2026-06-19 15:31:44','2026-06-19 15:42:46'),
(329,24,'Memaras Mesin',NULL,'TOMBATU','2026-06-01','Hadir',NULL,'2026-06-19 15:36:10','2026-06-19 15:42:46'),
(330,25,'Memaras Mesin',NULL,'TOMBATU','2026-06-02','Hadir',NULL,'2026-06-19 15:42:46','2026-06-19 15:42:46'),
(331,25,'Memaras Mesin',NULL,'TOMBATU','2026-06-03','Hadir',NULL,'2026-06-19 15:42:46','2026-06-19 15:42:46'),
(332,25,'Memaras Mesin',NULL,'TOMBATU','2026-06-04','Hadir',NULL,'2026-06-19 15:42:46','2026-06-19 15:42:46'),
(333,25,'Memaras Mesin',NULL,'TOMBATU','2026-06-05','Hadir',NULL,'2026-06-19 15:42:46','2026-06-19 15:42:46'),
(334,25,'Memaras Mesin',NULL,'TOMBATU','2026-06-06','Hadir',NULL,'2026-06-19 15:42:46','2026-06-19 15:42:46'),
(335,23,'Memaras Mesin',NULL,'TOMBATU','2026-06-01','Hadir',NULL,'2026-06-19 15:42:46','2026-06-19 15:42:46'),
(336,23,'Memaras Mesin',NULL,'TOMBATU','2026-06-02','Hadir',NULL,'2026-06-19 15:42:46','2026-06-19 15:42:46'),
(337,23,'Memaras Mesin',NULL,'TOMBATU','2026-06-03','Hadir',NULL,'2026-06-19 15:42:46','2026-06-19 15:42:46'),
(338,23,'Memaras Mesin',NULL,'TOMBATU','2026-06-04','Hadir',NULL,'2026-06-19 15:42:46','2026-06-19 15:42:46'),
(339,23,'Memaras Mesin',NULL,'TOMBATU','2026-06-05','Hadir',NULL,'2026-06-19 15:42:46','2026-06-19 15:42:46'),
(340,23,'Memaras Mesin',NULL,'TOMBATU','2026-06-06','Hadir',NULL,'2026-06-19 15:42:46','2026-06-19 15:42:46'),
(341,26,'Memaras Mesin',NULL,'TOMBATU','2026-06-01','Hadir',NULL,'2026-06-19 15:42:46','2026-06-19 15:42:46'),
(342,26,'Memaras Mesin',NULL,'TOMBATU','2026-06-02','Hadir',NULL,'2026-06-19 15:42:46','2026-06-19 15:42:46'),
(343,26,'Memaras Mesin',NULL,'TOMBATU','2026-06-03','Hadir',NULL,'2026-06-19 15:42:46','2026-06-19 15:42:46'),
(344,26,'Memaras Mesin',NULL,'TOMBATU','2026-06-04','Hadir',NULL,'2026-06-19 15:42:46','2026-06-19 15:42:46'),
(345,26,'Memaras Mesin',NULL,'TOMBATU','2026-06-05','Hadir',NULL,'2026-06-19 15:42:46','2026-06-19 15:42:46'),
(346,26,'Memaras Mesin',NULL,'TOMBATU','2026-06-06','Hadir',NULL,'2026-06-19 15:42:46','2026-06-19 15:42:46'),
(347,24,'Memaras Mesin',NULL,'TOMBATU','2026-06-02','Hadir',NULL,'2026-06-19 15:42:46','2026-06-19 15:42:46'),
(348,24,'Memaras Mesin',NULL,'TOMBATU','2026-06-03','Hadir',NULL,'2026-06-19 15:42:46','2026-06-19 15:42:46'),
(349,24,'Memaras Mesin',NULL,'TOMBATU','2026-06-04','Hadir',NULL,'2026-06-19 15:42:46','2026-06-19 15:42:46'),
(350,24,'Memaras Mesin',NULL,'TOMBATU','2026-06-05','Hadir',NULL,'2026-06-19 15:42:46','2026-06-19 15:42:46'),
(351,24,'Memaras Mesin',NULL,'TOMBATU','2026-06-06','Hadir',NULL,'2026-06-19 15:42:46','2026-06-19 15:42:46'),
(352,24,'Memaras Mesin',NULL,'TOMBATU','2026-06-07','Alpha',NULL,'2026-06-19 15:42:46','2026-06-21 09:45:06'),
(353,35,'Harian Kumpul',NULL,'TOMBATU','2026-06-03','Hadir',NULL,'2026-06-19 15:42:46','2026-06-19 15:42:46'),
(354,35,'Harian Kumpul',NULL,'TOMBATU','2026-06-04','Hadir',NULL,'2026-06-19 15:42:46','2026-06-19 15:42:46'),
(355,35,'Harian Kumpul',NULL,'TOMBATU','2026-06-05','Hadir',NULL,'2026-06-19 15:42:46','2026-06-19 15:42:46'),
(356,42,'Pemanjat Kelapa',NULL,'TOMBATU','2026-06-02','Hadir',33.00,'2026-06-19 15:42:46','2026-06-19 15:42:46'),
(357,42,'Pemanjat Kelapa',NULL,'TOMBATU','2026-06-03','Hadir',11.00,'2026-06-19 15:42:46','2026-06-19 15:42:46'),
(358,42,'Pemanjat Kelapa',NULL,'TOMBATU','2026-06-04','Hadir',50.00,'2026-06-19 15:42:46','2026-06-19 15:42:46'),
(359,43,'Pemanjat Kelapa',NULL,'TOMBATU','2026-06-02','Hadir',38.00,'2026-06-19 15:42:46','2026-06-19 15:42:46'),
(360,43,'Pemanjat Kelapa',NULL,'TOMBATU','2026-06-04','Hadir',44.00,'2026-06-19 15:42:46','2026-06-19 15:42:46'),
(361,44,'Pemanjat Kelapa',NULL,'TOMBATU','2026-06-02','Hadir',39.00,'2026-06-19 15:42:46','2026-06-19 15:42:46'),
(362,44,'Pemanjat Kelapa',NULL,'TOMBATU','2026-06-03','Hadir',23.00,'2026-06-19 15:42:46','2026-06-19 15:42:46'),
(363,44,'Pemanjat Kelapa',NULL,'TOMBATU','2026-06-04','Hadir',37.00,'2026-06-19 15:42:46','2026-06-19 15:42:46'),
(364,45,'Pemanjat Kelapa',NULL,'TOMBATU','2026-06-02','Hadir',10.00,'2026-06-19 15:42:46','2026-06-19 15:42:46'),
(365,45,'Pemanjat Kelapa',NULL,'TOMBATU','2026-06-03','Hadir',20.00,'2026-06-19 15:42:46','2026-06-19 15:42:46'),
(366,45,'Pemanjat Kelapa',NULL,'TOMBATU','2026-06-04','Hadir',33.00,'2026-06-19 15:42:46','2026-06-19 15:42:46'),
(367,46,'Pemanjat Kelapa',NULL,'TOMBATU','2026-06-02','Hadir',40.00,'2026-06-19 15:42:46','2026-06-19 15:42:46'),
(368,46,'Pemanjat Kelapa',NULL,'TOMBATU','2026-06-03','Hadir',23.00,'2026-06-19 15:42:46','2026-06-19 15:42:46'),
(369,46,'Pemanjat Kelapa',NULL,'TOMBATU','2026-06-04','Hadir',51.00,'2026-06-19 15:42:46','2026-06-19 15:42:46'),
(370,36,'Harian Kumpul',NULL,'TOMBATU','2026-06-07','Alpha',NULL,'2026-06-21 09:44:04','2026-06-21 09:45:06'),
(371,36,'Harian Kumpul',NULL,'TOMBATU','2026-06-10','Hadir',NULL,'2026-06-21 09:45:06','2026-06-21 09:45:06'),
(372,36,'Harian Kumpul',NULL,'TOMBATU','2026-06-12','Hadir',NULL,'2026-06-21 09:45:06','2026-06-21 09:45:06'),
(373,1,'Harian Kumpul',NULL,'SAPA','2026-06-15','Hadir',NULL,'2026-06-22 02:14:20','2026-06-22 03:06:59'),
(374,2,'Harian Kumpul',NULL,'SAPA','2026-06-15','Hadir',NULL,'2026-06-22 02:14:38','2026-06-22 03:06:59'),
(375,4,'Harian Kumpul',NULL,'SAPA','2026-06-15','Hadir',NULL,'2026-06-22 02:15:00','2026-06-22 03:06:59'),
(376,3,'Harian Kumpul',NULL,'SAPA','2026-06-15','Hadir',NULL,'2026-06-22 02:15:21','2026-06-22 03:06:59'),
(377,5,'Memaras Mesin',NULL,'SAPA','2026-06-15','Hadir',NULL,'2026-06-22 02:15:51','2026-06-22 03:06:59'),
(378,6,'Memaras Mesin',NULL,'SAPA','2026-06-15','Alpha',NULL,'2026-06-22 02:16:35','2026-06-22 03:06:59'),
(379,7,'Memaras Mesin',NULL,'SAPA','2026-06-15','Alpha',NULL,'2026-06-22 02:17:00','2026-06-22 03:06:59'),
(380,8,'Kupas Kelapa',NULL,'SAPA','2026-06-15','Hadir',1328.00,'2026-06-22 02:17:23','2026-06-22 03:06:59'),
(381,9,'Kupas Kelapa',NULL,'SAPA','2026-06-15','Hadir',1450.00,'2026-06-22 02:17:49','2026-06-22 03:06:59'),
(382,10,'Kupas Kelapa',NULL,'SAPA','2026-06-15','Alpha',NULL,'2026-06-22 02:18:12','2026-06-22 03:06:59'),
(383,11,'Kupas Kelapa',NULL,'SAPA','2026-06-15','Alpha',NULL,'2026-06-22 02:18:31','2026-06-22 03:06:59'),
(384,1,'Kupas Kelapa',NULL,'SAPA','2026-06-15','Alpha',NULL,'2026-06-22 02:21:01','2026-06-22 03:06:59'),
(385,9,'Harian Kumpul',NULL,'SAPA','2026-06-15','Alpha',NULL,'2026-06-22 02:22:03','2026-06-22 03:06:59'),
(386,12,'Pemanjat Kelapa',NULL,'SAPA','2026-06-15','Alpha',NULL,'2026-06-22 02:22:39','2026-06-22 03:06:59'),
(387,29,'Pemanjat Kelapa',NULL,'SAPA','2026-06-15','Alpha',NULL,'2026-06-22 02:22:59','2026-06-22 03:06:59'),
(388,14,'Pemanjat Kelapa',NULL,'SAPA','2026-06-15','Alpha',NULL,'2026-06-22 02:24:38','2026-06-22 03:06:59'),
(389,16,'Pemanjat Kelapa',NULL,'SAPA','2026-06-15','Alpha',NULL,'2026-06-22 02:25:28','2026-06-22 03:06:59'),
(390,30,'Pemetik Cengkeh',NULL,'SAPA','2026-06-15','Alpha',NULL,'2026-06-22 02:27:02','2026-06-22 03:06:59'),
(391,31,'Pemetik Cengkeh',NULL,'SAPA','2026-06-15','Alpha',NULL,'2026-06-22 02:27:47','2026-06-22 03:06:59'),
(392,32,'Pemetik Cengkeh',NULL,'SAPA','2026-06-15','Alpha',NULL,'2026-06-22 02:37:27','2026-06-22 03:06:59'),
(393,33,'Penjemur Cengkeh',NULL,'SAPA','2026-06-15','Hadir',NULL,'2026-06-22 02:38:03','2026-06-22 03:06:59'),
(394,34,'Penjemur Cengkeh',NULL,'SAPA','2026-06-15','Hadir',NULL,'2026-06-22 02:38:26','2026-06-22 03:06:59'),
(395,1,'Kupas Kelapa',NULL,'SAPA','2026-06-16','Hadir',1210.00,'2026-06-22 03:06:59','2026-06-22 03:06:59'),
(396,1,'Kupas Kelapa',NULL,'SAPA','2026-06-17','Hadir',1150.00,'2026-06-22 03:06:59','2026-06-22 03:06:59'),
(397,1,'Kupas Kelapa',NULL,'SAPA','2026-06-18','Hadir',1300.00,'2026-06-22 03:06:59','2026-06-22 03:06:59'),
(398,1,'Kupas Kelapa',NULL,'SAPA','2026-06-19','Hadir',600.00,'2026-06-22 03:06:59','2026-06-22 03:06:59'),
(399,1,'Kupas Kelapa',NULL,'SAPA','2026-06-20','Hadir',900.00,'2026-06-22 03:06:59','2026-06-22 03:06:59'),
(400,2,'Harian Kumpul',NULL,'SAPA','2026-06-16','Hadir',NULL,'2026-06-22 03:06:59','2026-06-22 03:06:59'),
(401,2,'Harian Kumpul',NULL,'SAPA','2026-06-17','Hadir',NULL,'2026-06-22 03:06:59','2026-06-22 03:06:59'),
(402,2,'Harian Kumpul',NULL,'SAPA','2026-06-18','Hadir',NULL,'2026-06-22 03:06:59','2026-06-22 03:06:59'),
(403,2,'Harian Kumpul',NULL,'SAPA','2026-06-19','Hadir',NULL,'2026-06-22 03:06:59','2026-06-22 03:06:59'),
(404,2,'Harian Kumpul',NULL,'SAPA','2026-06-20','Hadir',NULL,'2026-06-22 03:06:59','2026-06-22 03:06:59'),
(405,4,'Harian Kumpul',NULL,'SAPA','2026-06-16','Hadir',NULL,'2026-06-22 03:06:59','2026-06-22 03:06:59'),
(406,4,'Harian Kumpul',NULL,'SAPA','2026-06-17','Hadir',NULL,'2026-06-22 03:06:59','2026-06-22 03:06:59'),
(407,4,'Harian Kumpul',NULL,'SAPA','2026-06-18','Hadir',NULL,'2026-06-22 03:06:59','2026-06-22 03:06:59'),
(408,4,'Harian Kumpul',NULL,'SAPA','2026-06-19','Hadir',NULL,'2026-06-22 03:06:59','2026-06-22 03:06:59'),
(409,4,'Harian Kumpul',NULL,'SAPA','2026-06-20','Hadir',NULL,'2026-06-22 03:06:59','2026-06-22 03:06:59'),
(410,3,'Harian Kumpul',NULL,'SAPA','2026-06-16','Hadir',NULL,'2026-06-22 03:06:59','2026-06-22 03:06:59'),
(411,3,'Harian Kumpul',NULL,'SAPA','2026-06-17','Hadir',NULL,'2026-06-22 03:06:59','2026-06-22 03:06:59'),
(412,3,'Harian Kumpul',NULL,'SAPA','2026-06-18','Hadir',NULL,'2026-06-22 03:06:59','2026-06-22 03:06:59'),
(413,3,'Harian Kumpul',NULL,'SAPA','2026-06-19','Hadir',NULL,'2026-06-22 03:06:59','2026-06-22 03:06:59'),
(414,3,'Harian Kumpul',NULL,'SAPA','2026-06-20','Hadir',NULL,'2026-06-22 03:06:59','2026-06-22 03:06:59'),
(415,9,'Harian Kumpul',NULL,'SAPA','2026-06-17','Hadir',NULL,'2026-06-22 03:06:59','2026-06-22 03:06:59'),
(416,9,'Harian Kumpul',NULL,'SAPA','2026-06-18','Hadir',NULL,'2026-06-22 03:06:59','2026-06-22 03:06:59'),
(417,9,'Harian Kumpul',NULL,'SAPA','2026-06-19','Hadir',NULL,'2026-06-22 03:06:59','2026-06-22 03:06:59'),
(418,9,'Harian Kumpul',NULL,'SAPA','2026-06-20','Hadir',NULL,'2026-06-22 03:06:59','2026-06-22 03:06:59'),
(419,9,'Kupas Kelapa',NULL,'SAPA','2026-06-16','Hadir',1260.00,'2026-06-22 03:06:59','2026-06-22 03:06:59'),
(420,5,'Memaras Mesin',NULL,'SAPA','2026-06-16','Hadir',NULL,'2026-06-22 03:06:59','2026-06-22 03:06:59'),
(421,5,'Memaras Mesin',NULL,'SAPA','2026-06-17','Hadir',NULL,'2026-06-22 03:06:59','2026-06-22 03:06:59'),
(422,5,'Memaras Mesin',NULL,'SAPA','2026-06-18','Hadir',NULL,'2026-06-22 03:06:59','2026-06-22 03:06:59'),
(423,5,'Memaras Mesin',NULL,'SAPA','2026-06-19','Hadir',NULL,'2026-06-22 03:06:59','2026-06-22 03:06:59'),
(424,5,'Memaras Mesin',NULL,'SAPA','2026-06-20','Hadir',NULL,'2026-06-22 03:06:59','2026-06-22 03:06:59'),
(425,6,'Memaras Mesin',NULL,'SAPA','2026-06-16','Hadir',NULL,'2026-06-22 03:06:59','2026-06-22 03:06:59'),
(426,6,'Memaras Mesin',NULL,'SAPA','2026-06-17','Hadir',NULL,'2026-06-22 03:06:59','2026-06-22 03:06:59'),
(427,6,'Memaras Mesin',NULL,'SAPA','2026-06-18','Hadir',NULL,'2026-06-22 03:06:59','2026-06-22 03:06:59'),
(428,6,'Memaras Mesin',NULL,'SAPA','2026-06-19','Hadir',NULL,'2026-06-22 03:06:59','2026-06-22 03:06:59'),
(429,6,'Memaras Mesin',NULL,'SAPA','2026-06-20','Hadir',NULL,'2026-06-22 03:06:59','2026-06-22 03:06:59'),
(430,7,'Memaras Mesin',NULL,'SAPA','2026-06-17','Hadir',NULL,'2026-06-22 03:06:59','2026-06-22 03:06:59'),
(431,7,'Memaras Mesin',NULL,'SAPA','2026-06-18','Hadir',NULL,'2026-06-22 03:06:59','2026-06-22 03:06:59'),
(432,7,'Memaras Mesin',NULL,'SAPA','2026-06-19','Hadir',NULL,'2026-06-22 03:06:59','2026-06-22 03:06:59'),
(433,7,'Memaras Mesin',NULL,'SAPA','2026-06-20','Hadir',NULL,'2026-06-22 03:06:59','2026-06-22 03:06:59'),
(434,8,'Kupas Kelapa',NULL,'SAPA','2026-06-16','Hadir',1000.00,'2026-06-22 03:06:59','2026-06-22 03:06:59'),
(435,8,'Kupas Kelapa',NULL,'SAPA','2026-06-17','Hadir',1320.00,'2026-06-22 03:06:59','2026-06-22 03:06:59'),
(436,8,'Kupas Kelapa',NULL,'SAPA','2026-06-18','Hadir',970.00,'2026-06-22 03:06:59','2026-06-22 03:06:59'),
(437,8,'Kupas Kelapa',NULL,'SAPA','2026-06-19','Hadir',1014.00,'2026-06-22 03:06:59','2026-06-22 03:06:59'),
(438,8,'Kupas Kelapa',NULL,'SAPA','2026-06-20','Hadir',1100.00,'2026-06-22 03:06:59','2026-06-22 03:06:59'),
(439,10,'Kupas Kelapa',NULL,'SAPA','2026-06-16','Hadir',928.00,'2026-06-22 03:06:59','2026-06-22 03:06:59'),
(440,10,'Kupas Kelapa',NULL,'SAPA','2026-06-17','Hadir',1100.00,'2026-06-22 03:06:59','2026-06-22 03:06:59'),
(441,10,'Kupas Kelapa',NULL,'SAPA','2026-06-18','Hadir',1000.00,'2026-06-22 03:06:59','2026-06-22 03:06:59'),
(442,10,'Kupas Kelapa',NULL,'SAPA','2026-06-19','Hadir',710.00,'2026-06-22 03:06:59','2026-06-22 03:06:59'),
(443,10,'Kupas Kelapa',NULL,'SAPA','2026-06-20','Hadir',1066.00,'2026-06-22 03:06:59','2026-06-22 03:06:59'),
(444,11,'Kupas Kelapa',NULL,'SAPA','2026-06-17','Hadir',1050.00,'2026-06-22 03:06:59','2026-06-22 03:06:59'),
(445,11,'Kupas Kelapa',NULL,'SAPA','2026-06-18','Hadir',1000.00,'2026-06-22 03:06:59','2026-06-22 03:06:59'),
(446,11,'Kupas Kelapa',NULL,'SAPA','2026-06-19','Hadir',890.00,'2026-06-22 03:06:59','2026-06-22 03:06:59'),
(447,11,'Kupas Kelapa',NULL,'SAPA','2026-06-20','Hadir',1020.00,'2026-06-22 03:06:59','2026-06-22 03:06:59'),
(448,12,'Pemanjat Kelapa',NULL,'SAPA','2026-06-16','Hadir',44.00,'2026-06-22 03:06:59','2026-06-22 03:06:59'),
(449,29,'Pemanjat Kelapa',NULL,'SAPA','2026-06-16','Hadir',42.00,'2026-06-22 03:06:59','2026-06-22 03:06:59'),
(450,14,'Pemanjat Kelapa',NULL,'SAPA','2026-06-16','Hadir',43.00,'2026-06-22 03:06:59','2026-06-22 03:06:59'),
(451,16,'Pemanjat Kelapa',NULL,'SAPA','2026-06-16','Hadir',43.00,'2026-06-22 03:06:59','2026-06-22 03:06:59'),
(452,30,'Pemetik Cengkeh',NULL,'SAPA','2026-06-17','Hadir',8.00,'2026-06-22 03:06:59','2026-06-22 03:06:59'),
(453,31,'Pemetik Cengkeh',NULL,'SAPA','2026-06-16','Hadir',16.00,'2026-06-22 03:06:59','2026-06-22 03:06:59'),
(454,31,'Pemetik Cengkeh',NULL,'SAPA','2026-06-17','Hadir',7.50,'2026-06-22 03:06:59','2026-06-22 03:06:59'),
(455,32,'Pemetik Cengkeh',NULL,'SAPA','2026-06-16','Hadir',17.50,'2026-06-22 03:06:59','2026-06-22 03:06:59'),
(456,33,'Penjemur Cengkeh',NULL,'SAPA','2026-06-17','Hadir',NULL,'2026-06-22 03:06:59','2026-06-22 03:06:59'),
(457,33,'Penjemur Cengkeh',NULL,'SAPA','2026-06-18','Hadir',NULL,'2026-06-22 03:06:59','2026-06-22 03:06:59'),
(458,33,'Penjemur Cengkeh',NULL,'SAPA','2026-06-19','Hadir',NULL,'2026-06-22 03:06:59','2026-06-22 03:06:59'),
(459,33,'Penjemur Cengkeh',NULL,'SAPA','2026-06-20','Hadir',NULL,'2026-06-22 03:06:59','2026-06-22 03:06:59'),
(460,34,'Penjemur Cengkeh',NULL,'SAPA','2026-06-17','Hadir',NULL,'2026-06-22 03:06:59','2026-06-22 03:06:59'),
(461,34,'Penjemur Cengkeh',NULL,'SAPA','2026-06-18','Hadir',NULL,'2026-06-22 03:06:59','2026-06-22 03:06:59'),
(462,34,'Penjemur Cengkeh',NULL,'SAPA','2026-06-19','Hadir',NULL,'2026-06-22 03:06:59','2026-06-22 03:06:59'),
(463,34,'Penjemur Cengkeh',NULL,'SAPA','2026-06-20','Hadir',NULL,'2026-06-22 03:07:00','2026-06-22 03:07:00'),
(464,25,'Memaras Mesin',NULL,'TOMBATU','2026-06-15','Alpha',NULL,'2026-06-22 05:34:13','2026-06-22 05:42:59'),
(465,23,'Memaras Mesin',NULL,'TOMBATU','2026-06-15','Hadir',NULL,'2026-06-22 05:35:03','2026-06-22 05:42:59'),
(466,24,'Memaras Mesin',NULL,'TOMBATU','2026-06-15','Hadir',NULL,'2026-06-22 05:35:24','2026-06-22 05:42:59'),
(467,26,'Memaras Mesin',NULL,'TOMBATU','2026-06-15','Hadir',NULL,'2026-06-22 05:35:41','2026-06-22 05:42:59'),
(468,36,'Harian Kumpul',NULL,'TOMBATU','2026-06-15','Alpha',NULL,'2026-06-22 05:36:59','2026-06-22 05:42:59'),
(469,27,'Harian Kumpul',NULL,'TOMBATU','2026-06-15','Hadir',NULL,'2026-06-22 05:38:08','2026-06-22 05:42:59'),
(470,25,'Memaras Mesin',NULL,'TOMBATU','2026-06-16','Hadir',NULL,'2026-06-22 05:42:59','2026-06-22 05:42:59'),
(471,25,'Memaras Mesin',NULL,'TOMBATU','2026-06-17','Hadir',NULL,'2026-06-22 05:42:59','2026-06-22 05:42:59'),
(472,25,'Memaras Mesin',NULL,'TOMBATU','2026-06-18','Hadir',NULL,'2026-06-22 05:42:59','2026-06-22 05:42:59'),
(473,25,'Memaras Mesin',NULL,'TOMBATU','2026-06-19','Hadir',NULL,'2026-06-22 05:42:59','2026-06-22 05:42:59'),
(474,23,'Memaras Mesin',NULL,'TOMBATU','2026-06-16','Hadir',NULL,'2026-06-22 05:42:59','2026-06-22 05:42:59'),
(475,23,'Memaras Mesin',NULL,'TOMBATU','2026-06-17','Hadir',NULL,'2026-06-22 05:42:59','2026-06-22 05:42:59'),
(476,23,'Memaras Mesin',NULL,'TOMBATU','2026-06-18','Hadir',NULL,'2026-06-22 05:42:59','2026-06-22 05:42:59'),
(477,23,'Memaras Mesin',NULL,'TOMBATU','2026-06-19','Hadir',NULL,'2026-06-22 05:42:59','2026-06-22 05:42:59'),
(478,24,'Memaras Mesin',NULL,'TOMBATU','2026-06-17','Hadir',NULL,'2026-06-22 05:42:59','2026-06-22 05:42:59'),
(479,24,'Memaras Mesin',NULL,'TOMBATU','2026-06-18','Hadir',NULL,'2026-06-22 05:42:59','2026-06-22 05:42:59'),
(480,24,'Memaras Mesin',NULL,'TOMBATU','2026-06-19','Hadir',NULL,'2026-06-22 05:42:59','2026-06-22 05:42:59'),
(481,24,'Memaras Mesin',NULL,'TOMBATU','2026-06-20','Hadir',NULL,'2026-06-22 05:42:59','2026-06-22 05:42:59'),
(482,26,'Memaras Mesin',NULL,'TOMBATU','2026-06-16','Hadir',NULL,'2026-06-22 05:42:59','2026-06-22 05:42:59'),
(483,26,'Memaras Mesin',NULL,'TOMBATU','2026-06-17','Hadir',NULL,'2026-06-22 05:42:59','2026-06-22 05:42:59'),
(484,26,'Memaras Mesin',NULL,'TOMBATU','2026-06-18','Hadir',NULL,'2026-06-22 05:42:59','2026-06-22 05:42:59'),
(485,26,'Memaras Mesin',NULL,'TOMBATU','2026-06-19','Hadir',NULL,'2026-06-22 05:42:59','2026-06-22 05:42:59'),
(486,36,'Harian Kumpul',NULL,'TOMBATU','2026-06-17','Hadir',NULL,'2026-06-22 05:42:59','2026-06-22 05:42:59'),
(487,36,'Harian Kumpul',NULL,'TOMBATU','2026-06-18','Hadir',NULL,'2026-06-22 05:42:59','2026-06-22 05:42:59'),
(488,36,'Harian Kumpul',NULL,'TOMBATU','2026-06-19','Hadir',NULL,'2026-06-22 05:42:59','2026-06-22 05:42:59'),
(489,36,'Harian Kumpul',NULL,'TOMBATU','2026-06-20','Hadir',NULL,'2026-06-22 05:42:59','2026-06-22 05:42:59'),
(490,27,'Harian Kumpul',NULL,'TOMBATU','2026-06-16','Hadir',NULL,'2026-06-22 05:42:59','2026-06-22 05:42:59'),
(491,27,'Harian Kumpul',NULL,'TOMBATU','2026-06-17','Hadir',NULL,'2026-06-22 05:42:59','2026-06-22 05:42:59'),
(492,27,'Harian Kumpul',NULL,'TOMBATU','2026-06-18','Hadir',NULL,'2026-06-22 05:42:59','2026-06-22 05:42:59'),
(493,27,'Harian Kumpul',NULL,'TOMBATU','2026-06-19','Hadir',NULL,'2026-06-22 05:42:59','2026-06-22 05:42:59'),
(494,22,'Harian Kumpul',NULL,'RANOKETANG TUA','2026-06-17','Hadir',NULL,'2026-06-22 08:10:53','2026-06-22 08:10:53'),
(495,22,'Harian Kumpul',NULL,'RANOKETANG TUA','2026-06-20','Hadir',NULL,'2026-06-22 08:10:53','2026-06-22 08:10:53'),
(496,21,'Harian Kumpul',NULL,'RANOKETANG TUA','2026-06-16','Hadir',NULL,'2026-06-22 08:10:53','2026-06-22 08:10:53'),
(497,18,'Harian Kumpul',NULL,'RANOKETANG TUA','2026-06-16','Hadir',NULL,'2026-06-22 08:10:53','2026-06-22 08:10:53'),
(498,18,'Harian Kumpul',NULL,'RANOKETANG TUA','2026-06-17','Hadir',NULL,'2026-06-22 08:10:53','2026-06-22 08:10:53'),
(499,18,'Harian Kumpul',NULL,'RANOKETANG TUA','2026-06-18','Hadir',NULL,'2026-06-22 08:10:53','2026-06-22 08:10:53'),
(500,18,'Harian Kumpul',NULL,'RANOKETANG TUA','2026-06-19','Hadir',NULL,'2026-06-22 08:10:53','2026-06-22 08:10:53'),
(501,18,'Harian Kumpul',NULL,'RANOKETANG TUA','2026-06-20','Hadir',NULL,'2026-06-22 08:10:53','2026-06-22 08:10:53');
/*!40000 ALTER TABLE `absensis` ENABLE KEYS */;
UNLOCK TABLES;

--
-- Table structure for table `bukti_kas_kebuns`
--

DROP TABLE IF EXISTS `bukti_kas_kebuns`;
/*!40101 SET @saved_cs_client     = @@character_set_client */;
/*!40101 SET character_set_client = utf8 */;
CREATE TABLE `bukti_kas_kebuns` (
  `id` bigint(20) unsigned NOT NULL AUTO_INCREMENT,
  `pengajuan_penggajian_id` bigint(20) unsigned NOT NULL,
  `no_bukti` varchar(255) DEFAULT NULL,
  `tanggal` date DEFAULT NULL,
  `created_at` timestamp NULL DEFAULT NULL,
  `updated_at` timestamp NULL DEFAULT NULL,
  PRIMARY KEY (`id`),
  KEY `bukti_kas_kebuns_pengajuan_penggajian_id_foreign` (`pengajuan_penggajian_id`),
  CONSTRAINT `bukti_kas_kebuns_pengajuan_penggajian_id_foreign` FOREIGN KEY (`pengajuan_penggajian_id`) REFERENCES `pengajuan_penggajians` (`id`) ON DELETE CASCADE
) ENGINE=InnoDB AUTO_INCREMENT=12 DEFAULT CHARSET=utf8mb4 COLLATE=utf8mb4_unicode_ci;
/*!40101 SET character_set_client = @saved_cs_client */;

--
-- Dumping data for table `bukti_kas_kebuns`
--

LOCK TABLES `bukti_kas_kebuns` WRITE;
/*!40000 ALTER TABLE `bukti_kas_kebuns` DISABLE KEYS */;
INSERT INTO `bukti_kas_kebuns` VALUES
(10,5,NULL,'2026-06-21','2026-06-21 15:05:41','2026-06-21 15:05:41'),
(11,4,'BKK2','2026-06-16','2026-06-21 15:26:21','2026-06-21 15:26:21');
/*!40000 ALTER TABLE `bukti_kas_kebuns` ENABLE KEYS */;
UNLOCK TABLES;

--
-- Table structure for table `cache`
--

DROP TABLE IF EXISTS `cache`;
/*!40101 SET @saved_cs_client     = @@character_set_client */;
/*!40101 SET character_set_client = utf8 */;
CREATE TABLE `cache` (
  `key` varchar(255) NOT NULL,
  `value` mediumtext NOT NULL,
  `expiration` int(11) NOT NULL,
  PRIMARY KEY (`key`),
  KEY `cache_expiration_index` (`expiration`)
) ENGINE=InnoDB DEFAULT CHARSET=utf8mb4 COLLATE=utf8mb4_unicode_ci;
/*!40101 SET character_set_client = @saved_cs_client */;

--
-- Dumping data for table `cache`
--

LOCK TABLES `cache` WRITE;
/*!40000 ALTER TABLE `cache` DISABLE KEYS */;
/*!40000 ALTER TABLE `cache` ENABLE KEYS */;
UNLOCK TABLES;

--
-- Table structure for table `cache_locks`
--

DROP TABLE IF EXISTS `cache_locks`;
/*!40101 SET @saved_cs_client     = @@character_set_client */;
/*!40101 SET character_set_client = utf8 */;
CREATE TABLE `cache_locks` (
  `key` varchar(255) NOT NULL,
  `owner` varchar(255) NOT NULL,
  `expiration` int(11) NOT NULL,
  PRIMARY KEY (`key`),
  KEY `cache_locks_expiration_index` (`expiration`)
) ENGINE=InnoDB DEFAULT CHARSET=utf8mb4 COLLATE=utf8mb4_unicode_ci;
/*!40101 SET character_set_client = @saved_cs_client */;

--
-- Dumping data for table `cache_locks`
--

LOCK TABLES `cache_locks` WRITE;
/*!40000 ALTER TABLE `cache_locks` DISABLE KEYS */;
/*!40000 ALTER TABLE `cache_locks` ENABLE KEYS */;
UNLOCK TABLES;

--
-- Table structure for table `dokumentasi_harian_images`
--

DROP TABLE IF EXISTS `dokumentasi_harian_images`;
/*!40101 SET @saved_cs_client     = @@character_set_client */;
/*!40101 SET character_set_client = utf8 */;
CREATE TABLE `dokumentasi_harian_images` (
  `id` bigint(20) unsigned NOT NULL AUTO_INCREMENT,
  `dokumentasi_harian_id` bigint(20) unsigned NOT NULL,
  `image_path` varchar(255) NOT NULL,
  `created_at` timestamp NULL DEFAULT NULL,
  `updated_at` timestamp NULL DEFAULT NULL,
  PRIMARY KEY (`id`),
  KEY `dokumentasi_harian_images_dokumentasi_harian_id_foreign` (`dokumentasi_harian_id`),
  CONSTRAINT `dokumentasi_harian_images_dokumentasi_harian_id_foreign` FOREIGN KEY (`dokumentasi_harian_id`) REFERENCES `dokumentasi_harians` (`id`) ON DELETE CASCADE
) ENGINE=InnoDB AUTO_INCREMENT=161 DEFAULT CHARSET=utf8mb4 COLLATE=utf8mb4_unicode_ci;
/*!40101 SET character_set_client = @saved_cs_client */;

--
-- Dumping data for table `dokumentasi_harian_images`
--

LOCK TABLES `dokumentasi_harian_images` WRITE;
/*!40000 ALTER TABLE `dokumentasi_harian_images` DISABLE KEYS */;
INSERT INTO `dokumentasi_harian_images` VALUES
(2,2,'dokumentasi/yYpZrC9TElpy81IcH5FG3JdvDCOIxG7ND4p3sLet.png','2026-06-21 08:38:52','2026-06-21 08:38:52'),
(3,3,'dokumentasi/scqAeMxBi1BQi6ujOl6tJi86wYEuMDJvPcHx9Ckn.png','2026-06-21 08:40:01','2026-06-21 08:40:01'),
(4,4,'dokumentasi/YR1v6KyEkG1hnVKonovj479WkbWmhGXLzu9J6ZfV.png','2026-06-21 08:40:52','2026-06-21 08:40:52'),
(5,5,'dokumentasi/QDqgM0bCBspTZgELJhDd0jgLBMNMN2l8tZRc2DaW.png','2026-06-21 08:42:27','2026-06-21 08:42:27'),
(6,6,'dokumentasi/nT6BajfX91ywRnZN2d2YZjSHG5gcSwS0bMIYC5C3.png','2026-06-21 08:43:44','2026-06-21 08:43:44'),
(7,7,'dokumentasi/S6lYrcIRE8WXPR5oP2Jg5qDJaF8tmxeckx0oE9Gd.png','2026-06-21 08:44:57','2026-06-21 08:44:57'),
(8,8,'dokumentasi/y2FHXT825KCCNtRDtdFC35pStPE8my2I5w8Tdje1.png','2026-06-21 08:46:28','2026-06-21 08:46:28'),
(9,9,'dokumentasi/WDyRu0YAhzmPx1YLWH2zhJnSEPKb7JI53OEbopmy.png','2026-06-21 08:47:20','2026-06-21 08:47:20'),
(10,10,'dokumentasi/7SZFxdq8o3RvCmvLW7GAwP6MVO7WAE5Yp4cQaifp.png','2026-06-21 08:53:20','2026-06-21 08:53:20'),
(11,11,'dokumentasi/IbZ0p3eDu3fXgxS5WQldP4eYk3ZWcGzNGF3WW3F2.png','2026-06-21 08:54:12','2026-06-21 08:54:12'),
(12,12,'dokumentasi/nUDdjSrajwR6ttU0j9cjfsJfQbF3O476Ia7UjMJV.png','2026-06-21 08:55:02','2026-06-21 08:55:02'),
(13,13,'dokumentasi/vLb9uOmyP3pnB9Ae5Apov3mvlFNsz4I7dn6jkS4w.png','2026-06-21 08:56:04','2026-06-21 08:56:04'),
(14,14,'dokumentasi/lp9kEONzzN4IU8wt66ePpAWsqVXRAY5FSKRdpl7u.png','2026-06-21 08:57:21','2026-06-21 08:57:21'),
(15,15,'dokumentasi/5uY8nS18j0vatadPSdV9l42SZVaHEQ8TEKLuhClb.png','2026-06-21 08:58:37','2026-06-21 08:58:37'),
(16,16,'dokumentasi/4IgRb0paCWAfqrukTNMtpJDtxdy6JCGqinCTADyg.png','2026-06-21 08:59:26','2026-06-21 08:59:26'),
(17,17,'dokumentasi/MrCH6apvGf2iwNiqg6adJjDWxqPBNv1gEzYBOz3w.png','2026-06-21 09:00:08','2026-06-21 09:00:08'),
(18,18,'dokumentasi/2F4UDHSPqfqrO0XKFuIDKRverkqvL1PhwAzjcT2T.png','2026-06-21 09:01:04','2026-06-21 09:01:04'),
(19,19,'dokumentasi/5WeiBBBTh64OOtwPr01gKWcOb6Clg2fefXxV0xS5.png','2026-06-21 09:02:24','2026-06-21 09:02:24'),
(20,20,'dokumentasi/UyAOLSGV3ay6rX4HqxtER7CQHKB7nqXYZ4fDV3Kd.png','2026-06-21 09:03:25','2026-06-21 09:03:25'),
(21,21,'dokumentasi/ggJTjCI9FpuiGQrzkS8kD0S9g1jXkpky7z6uNV5E.png','2026-06-21 09:04:22','2026-06-21 09:04:22'),
(22,22,'dokumentasi/YUGEsneraGdiJEX1RRylwHina1kWWPHiN9NUleny.png','2026-06-21 09:06:35','2026-06-21 09:06:35'),
(24,23,'dokumentasi/8hnlTFXMunUZQZQUyVqO6Ns00bjMWj1MFl9TIQmW.png','2026-06-21 09:08:24','2026-06-21 09:08:24'),
(25,24,'dokumentasi/SOiUt0G10moczYypiJcbvz10Xc5e4u6l5w5XXG4s.png','2026-06-21 09:09:30','2026-06-21 09:09:30'),
(26,25,'dokumentasi/fEAIe2nDv3w1M5sTPdyGcF3dZUs60Zp4SHaADDFC.png','2026-06-21 10:06:58','2026-06-21 10:06:58'),
(27,26,'dokumentasi/P6o3enP1SXCDvu2yqWEQX7kZWEHY9Bvg1FeW18ME.png','2026-06-21 10:08:14','2026-06-21 10:08:14'),
(28,27,'dokumentasi/se4hk6o7SGSPLw2oQssdfjHNl6aDWrLGWk368Rlf.png','2026-06-21 10:09:06','2026-06-21 10:09:06'),
(29,28,'dokumentasi/5QsiP89LyqTf4IquevAwCfHDmlimLgLjv2tPgeMY.png','2026-06-21 10:10:12','2026-06-21 10:10:12'),
(32,31,'dokumentasi/isoAIyJSvpgEk8IuxZgNQk4z6TEGOD79fXwLW0rC.png','2026-06-21 10:14:10','2026-06-21 10:14:10'),
(33,32,'dokumentasi/s4fM2TLs38KV02kZatNlKhjBMCUxZdb5UOU6XfhP.png','2026-06-21 10:15:10','2026-06-21 10:15:10'),
(34,33,'dokumentasi/vbNKUBklIMCTgX5CrwI2rcBANeP9qGfnT0LMjP5t.png','2026-06-21 10:15:50','2026-06-21 10:15:50'),
(35,34,'dokumentasi/sw5UnuBjAQNVd1nLxm1qAXeCUGJQp1iN7qandswo.png','2026-06-21 10:17:01','2026-06-21 10:17:01'),
(36,35,'dokumentasi/cm7tN3rL2UZVMExYHa9zfMuIy1EVu9ghOFrlkOtb.png','2026-06-21 10:17:56','2026-06-21 10:17:56'),
(37,36,'dokumentasi/9vSqwPWhqM8egCs6nSMOpWI8o87iwE6sQ93sVbxG.png','2026-06-21 10:18:53','2026-06-21 10:18:53'),
(38,37,'dokumentasi/0N717T74V6QG97RExi2WSiHzZcoMiQR4sDWrDSx3.png','2026-06-21 10:19:35','2026-06-21 10:19:35'),
(39,38,'dokumentasi/7WyesgRJriqw9QwgIbZ3sZZmgzB4RBvi4ucMQY7E.png','2026-06-21 10:20:28','2026-06-21 10:20:28'),
(43,42,'dokumentasi/9Rc2Ea0DGxBAUIHaf2IFadCpvJp9JjNlwADxbV4Y.png','2026-06-21 10:23:29','2026-06-21 10:23:29'),
(44,43,'dokumentasi/9GWbS3K1gKeLiCaQIOgdTc8PdEpyRuxjxqT98YfF.png','2026-06-21 10:24:28','2026-06-21 10:24:28'),
(45,44,'dokumentasi/63GE67MoWwfKtQprZEKBffhtoJI0ITrVssBr6wcS.png','2026-06-21 10:25:31','2026-06-21 10:25:31'),
(47,45,'dokumentasi/ZKziXUwwhD4IF5SFcHkyvGCPo0xtqqOqHp7ln6Xr.png','2026-06-21 10:28:17','2026-06-21 10:28:17'),
(48,46,'dokumentasi/T4Glo2JqOZW1zx4Wpv7tukgfYBgM5muHcUZsm9lB.png','2026-06-21 11:05:58','2026-06-21 11:05:58'),
(49,47,'dokumentasi/sjQDOZFq4osFIt4wDWfqNdcyaDdFNBh9FoDOrd9y.png','2026-06-21 11:20:09','2026-06-21 11:20:09'),
(50,48,'dokumentasi/y8mFKusWmXBFQDzj2XErONmkQrfoRvsdzl6xNzpq.png','2026-06-21 11:20:49','2026-06-21 11:20:49'),
(51,49,'dokumentasi/1lLNj3CBxs5WPuiisl2AGkLLP3iyJVTcKB4la68q.png','2026-06-21 11:21:53','2026-06-21 11:21:53'),
(52,50,'dokumentasi/o71dbeoeLuXNAbUTtOXLDG5QlL9eCZgYs91TGptd.png','2026-06-21 11:28:48','2026-06-21 11:28:48'),
(53,51,'dokumentasi/duoEJGmKyyRlQHmpPl4KntrqvnDAVBT4FwdcvH5B.png','2026-06-21 11:29:29','2026-06-21 11:29:29'),
(54,52,'dokumentasi/tcd3akGxve14i0P8AziymHvFTQD0xPXHQY6Ff0un.png','2026-06-21 11:30:17','2026-06-21 11:30:17'),
(55,53,'dokumentasi/GZjJQERRe0qbk32NMFPQTGshPzgz1dhatKPBcVCk.png','2026-06-21 11:31:26','2026-06-21 11:31:26'),
(56,54,'dokumentasi/2WqYmcbxuKusfCNsiLiGPylHiZZMgQYdZD1FEURk.png','2026-06-21 11:33:01','2026-06-21 11:33:01'),
(57,55,'dokumentasi/XVJSyd9dboh6f3y8bvQHT2MacEwqknX7m2PIzJvz.png','2026-06-21 11:33:47','2026-06-21 11:33:47'),
(58,56,'dokumentasi/pXRy0oFLQaUsG6bs9NbuTPpPtHSOJLKsmQvxd8eL.png','2026-06-21 11:35:15','2026-06-21 11:35:15'),
(59,57,'dokumentasi/o02wMvZ5Dhk7BcSmGYzdZ7gtpq7q6RBLACHffBvk.png','2026-06-21 11:43:05','2026-06-21 11:43:05'),
(60,58,'dokumentasi/lIQFOFto7LlDHRxA8c47v1VPTSvamtPfJM7G9iaB.png','2026-06-21 11:44:23','2026-06-21 11:44:23'),
(61,59,'dokumentasi/PM3bLFtIABhokUsQNGJsGGpV8IFwY48SzSvEEdZi.png','2026-06-21 11:45:32','2026-06-21 11:45:32'),
(62,60,'dokumentasi/5ITftB7UFw6eGpQS9J2e6eDcbUgF5GXcpUUmG05p.png','2026-06-21 11:47:17','2026-06-21 11:47:17'),
(63,61,'dokumentasi/LdMHPpEjvv4QPMuJyfknROrUC7yc8x1CHNcsLIss.png','2026-06-21 11:48:24','2026-06-21 11:48:24'),
(64,62,'dokumentasi/hjWLjFCj5ugId4EZ0qpWYffuOfipfGUqB5OwTEXG.png','2026-06-21 11:49:25','2026-06-21 11:49:25'),
(65,63,'dokumentasi/LMis08Ls2APeU2lRMOPo6hWRU0HtVeD1YMbKFHiH.png','2026-06-21 11:50:28','2026-06-21 11:50:28'),
(66,64,'dokumentasi/LRdJLzyZ6AC2APA2128HgwjTOTkfhIsTJuC7JBgb.png','2026-06-21 11:51:11','2026-06-21 11:51:11'),
(67,65,'dokumentasi/WCYFCQmqWt3w097sxwe124Xpjhr8tKXgyK70Yr9i.png','2026-06-21 11:52:15','2026-06-21 11:52:15'),
(68,66,'dokumentasi/2BP3ND3WQYAJ92A0Tzp4xkkB1kotRcKv3GjqMLbG.png','2026-06-21 11:53:21','2026-06-21 11:53:21'),
(69,67,'dokumentasi/sit9h0DLXuqFIY2t7b5RkxMzakFldTsQg6OgiKUJ.png','2026-06-21 11:54:08','2026-06-21 11:54:08'),
(70,68,'dokumentasi/k2eKneA8Pvvu5NxlQNggi5gnYR01QvzLv7bGr1P2.png','2026-06-21 11:55:15','2026-06-21 11:55:15'),
(71,69,'dokumentasi/QK4MzcPggo6L2l31tIBLv01RRR8oppXoqXNRwzvh.png','2026-06-21 11:55:55','2026-06-21 11:55:55'),
(72,70,'dokumentasi/rvSXCixRMuByCOuh4otzu1vtMl8stLKMuH5AaOyK.png','2026-06-21 11:57:05','2026-06-21 11:57:05'),
(73,71,'dokumentasi/L0KO2aYjVOKaLc0UlaIFjtfwZ2vJ4OYl2coug8Q4.png','2026-06-21 11:57:53','2026-06-21 11:57:53'),
(74,72,'dokumentasi/k0wYBGvgxMB9uFzZaLiwql4novWYnnXxZVvobpY1.png','2026-06-21 12:01:17','2026-06-21 12:01:17'),
(76,73,'dokumentasi/WargmFjCiTZ4mkFDdPjnhXQgZLd41yBuWqn2oM8g.png','2026-06-21 12:04:22','2026-06-21 12:04:22'),
(77,74,'dokumentasi/EEO6nmKcPZDT6q625rUjrATutcvQ4I84myXYt1LW.png','2026-06-21 12:06:49','2026-06-21 12:06:49'),
(78,75,'dokumentasi/75aqlmXc3QP5paPPzIcLp79OS1DvefnNzmJkgD8d.png','2026-06-21 12:08:33','2026-06-21 12:08:33'),
(79,76,'dokumentasi/MJMLREkZPEYRIAoNedQ5DhQombMigRn19Y4zjddV.png','2026-06-21 12:09:30','2026-06-21 12:09:30'),
(80,77,'dokumentasi/5UF44MXovXehhVYA42fTkG88Zgcnhcpx9Dh5oC6f.png','2026-06-21 12:10:33','2026-06-21 12:10:33'),
(81,78,'dokumentasi/ns4n7xqWorQ6AqRr66ld0aR2RB0Fo92THYKPcFUv.png','2026-06-21 12:11:45','2026-06-21 12:11:45'),
(82,79,'dokumentasi/dqIHMUW0dGZY3FDr1gYFVh3ce4DHBTfHeLzUNYpk.png','2026-06-21 12:12:17','2026-06-21 12:12:17'),
(83,80,'dokumentasi/XKF08FRe0dzIHiJsLUtKr8PPZ37QkAISv9kwTI1p.png','2026-06-21 12:12:57','2026-06-21 12:12:57'),
(84,81,'dokumentasi/HMW6N2xADop69sV4g0mIGFx5WH7ZThcvuTGMOMDO.png','2026-06-21 12:13:45','2026-06-21 12:13:45'),
(85,82,'dokumentasi/UBQViEC6EzpHwttFGy0ZXEq9xoEPAF0EPcx8OK2X.png','2026-06-21 12:14:34','2026-06-21 12:14:34'),
(86,83,'dokumentasi/fZKCAzOoTe3DRGeFgFnHEE4LpmT7Pxz2jPqmZq6t.png','2026-06-22 03:10:28','2026-06-22 03:10:28'),
(87,84,'dokumentasi/cJahJ8YyEnD3vt6knR1WfuutDMwfC1pDZPcFnCLa.png','2026-06-22 03:11:09','2026-06-22 03:11:09'),
(88,85,'dokumentasi/vBp8VnjK2TNYC2A6NYZrfyubPDhac1QVOCNJdAhr.png','2026-06-22 03:11:55','2026-06-22 03:11:55'),
(89,86,'dokumentasi/VBHb4FbNus0WE2BmxjKyqpwzhmp34UrNyB9PHJgC.png','2026-06-22 03:12:39','2026-06-22 03:12:39'),
(90,87,'dokumentasi/nxSmqhGGIsBx656xzr0Y6BRUDWCtABzoMjHlYfqq.png','2026-06-22 03:13:19','2026-06-22 03:13:19'),
(91,88,'dokumentasi/QUjWOjcpNI1Ar7Tfqo1MLmBdz5dSZmVEVACm5hjf.png','2026-06-22 03:14:26','2026-06-22 03:14:26'),
(92,89,'dokumentasi/gPu0I2YpOCiqS0OK5NQbj3jijbMIU7ZdU6APwzOg.png','2026-06-22 03:15:13','2026-06-22 03:15:13'),
(93,90,'dokumentasi/x2Op3dq4VZllTt7HhUbmXvtTbEexV8HnUsbDMmos.png','2026-06-22 03:15:55','2026-06-22 03:15:55'),
(94,91,'dokumentasi/p4DuK8zGXFmufGEpVIfVRf31wXAAw4aZpiIZB4Jg.png','2026-06-22 03:16:35','2026-06-22 03:16:35'),
(95,92,'dokumentasi/dQPMxoxTwKVw7KUHJ18mbx0f4s2bMus2U9RoLE5i.png','2026-06-22 03:17:29','2026-06-22 03:17:29'),
(96,93,'dokumentasi/MZaxpeGHuvb7kutkw61ogFUIMsQFap0YjhUx3BCW.png','2026-06-22 03:18:18','2026-06-22 03:18:18'),
(97,94,'dokumentasi/bQZouIaLbyaaXySb258W59ZBZ6TTJ5LXNWwAbG99.png','2026-06-22 03:19:10','2026-06-22 03:19:10'),
(98,95,'dokumentasi/miqjFYmnzEbGA9HOWt1Z4YQmAlDo5v2qllE75Adl.png','2026-06-22 03:19:52','2026-06-22 03:19:52'),
(99,96,'dokumentasi/sj54cfCrlnEoE0pYxKoDx1pjpqcxyAS6jk0JGWLY.png','2026-06-22 03:20:38','2026-06-22 03:20:38'),
(100,97,'dokumentasi/HwDvMBgdKAhJao8TVx9BkUUtoEXFamzQQaV9HBTk.png','2026-06-22 03:21:20','2026-06-22 03:21:20'),
(102,98,'dokumentasi/Pnk3VwoLrgAAuIuxJqYeweJ9tb8OwZaHIIshtHr9.png','2026-06-22 03:24:20','2026-06-22 03:24:20'),
(103,99,'dokumentasi/rPA7JLS0WGYCbXOL5Sn0w4F4PbHHp4WU6HgIoEYI.png','2026-06-22 03:24:53','2026-06-22 03:24:53'),
(104,100,'dokumentasi/OyVTJQVBNqr9pvMBtAK5A28utHNWq0UqbiSbSFYz.png','2026-06-22 03:25:33','2026-06-22 03:25:33'),
(105,101,'dokumentasi/pI2Tk9yHj1QDDor4WI4YZX2LdWSDVE9Id3EJkA47.png','2026-06-22 03:26:14','2026-06-22 03:26:14'),
(106,102,'dokumentasi/EW3viRKxjlZvy8f2cgzslTKkAuTp9hGDXiOcxQ6r.png','2026-06-22 03:26:54','2026-06-22 03:26:54'),
(107,103,'dokumentasi/mPoKvM3XVy8t4HoRliCtzY8DDT12c2S1RHpSg43Z.png','2026-06-22 03:27:33','2026-06-22 03:27:33'),
(108,104,'dokumentasi/yxA3sOgtg5FgbgS5Oi9pziShbqnTxwQLhGJRFquD.png','2026-06-22 03:28:05','2026-06-22 03:28:05'),
(109,105,'dokumentasi/TbWNcCr1PVFhAFZQEvR46O987AbLDcBz1JqvI3Se.png','2026-06-22 03:28:41','2026-06-22 03:28:41'),
(110,106,'dokumentasi/vBxEukHVKNmGqMr3xUYoPWe1mTomSkWzfMcgfWPm.png','2026-06-22 03:29:23','2026-06-22 03:29:23'),
(111,107,'dokumentasi/QUNBPHvvmjcCJTNhhaQSGSw1CHr1wLKErrWCgFrY.png','2026-06-22 03:30:01','2026-06-22 03:30:01'),
(112,108,'dokumentasi/mOoCJdN1cHnEBnagGvrcssVC6ruuKPGXZnHGSKaQ.png','2026-06-22 03:30:38','2026-06-22 03:30:38'),
(113,109,'dokumentasi/taIXmXBe5AgbRowd53RD9n6Aoi5CUlUyNspd6dn5.png','2026-06-22 03:31:14','2026-06-22 03:31:14'),
(114,110,'dokumentasi/kcplcgSr6TrA2Mi47cjiVHAeJC9dwWLGAsRIfLbI.png','2026-06-22 03:31:49','2026-06-22 03:31:49'),
(115,111,'dokumentasi/g9JYm5yOjADiive1GUjqpmDz2qjtdBNRRL9vuQks.png','2026-06-22 03:32:26','2026-06-22 03:32:26'),
(116,112,'dokumentasi/yyfRaTBGFCODehd2oSuVWTx15EF864aBqbWw5pgq.png','2026-06-22 03:33:03','2026-06-22 03:33:03'),
(117,113,'dokumentasi/hjRx0V2KkJxcUuQoTsEG8rTlH8EZDOk8KXgS8y9j.png','2026-06-22 03:33:44','2026-06-22 03:33:44'),
(118,114,'dokumentasi/ys6EGRHTchOY2TNSPHq3P7OvH9zBEF9nxDa2HNK9.png','2026-06-22 03:34:18','2026-06-22 03:34:18'),
(119,115,'dokumentasi/lI5tY4l9a8c8idIl18rqUu9qDEeBksLshEn51OsI.png','2026-06-22 03:34:59','2026-06-22 03:34:59'),
(120,116,'dokumentasi/YnExYPCj4rLH1s304pG4r00H4mqoZPvqVsPNaguw.png','2026-06-22 03:35:57','2026-06-22 03:35:57'),
(121,117,'dokumentasi/64wes3dAEBX94MDGl8QckwCkv2UZEXgw4xK9serT.png','2026-06-22 03:36:52','2026-06-22 03:36:52'),
(122,118,'dokumentasi/1Zkmq3TiztzD92JJQotddPkT8b7umKfoN5vBTul3.png','2026-06-22 03:37:32','2026-06-22 03:37:32'),
(123,119,'dokumentasi/PgO83hgs2MYXVzxy6PdcooWOOk0uODx5aGVOVS5i.png','2026-06-22 03:38:07','2026-06-22 03:38:07'),
(124,120,'dokumentasi/5I0Ccwd3lUjG3AerR9zycmBS3yQOnJyzHFIhLa6W.png','2026-06-22 03:38:51','2026-06-22 03:38:51'),
(125,121,'dokumentasi/a1uPnN0sxNhka6KYKT1qT2AvTm4dsncWUbyVealC.png','2026-06-22 03:39:35','2026-06-22 03:39:35'),
(126,122,'dokumentasi/63lfZA8yjzRKvPjD8liuTITughKiJuvDqH2voipu.png','2026-06-22 03:40:20','2026-06-22 03:40:20'),
(127,123,'dokumentasi/mqXf09AYSGeIPqNeho5RtkWWPSsU891VSZNtOcrH.png','2026-06-22 03:40:54','2026-06-22 03:40:54'),
(128,124,'dokumentasi/CfX7oLoW8lmyjiutVP6i0RC8aC9rKkbeFReGI9s6.png','2026-06-22 03:41:31','2026-06-22 03:41:31'),
(129,125,'dokumentasi/boaDHRhr9H8To2rFcp7qTpAYLxvMqtpNfgrbA3e1.png','2026-06-22 03:42:13','2026-06-22 03:42:13'),
(130,126,'dokumentasi/FjA5LoprQQe7iyh4HpqYt5kBjU68yr3iXUt88KXH.png','2026-06-22 03:44:10','2026-06-22 03:44:10'),
(131,127,'dokumentasi/kQgKD9IjYc3GGImlfsLrpavGmbPwPIsUwJyFWOZ4.png','2026-06-22 03:44:56','2026-06-22 03:44:56'),
(132,128,'dokumentasi/HhgHSFV4Kb8jN8o0IgBRSjGSFgNAZvMYZ6CMsecR.png','2026-06-22 03:45:47','2026-06-22 03:45:47'),
(133,129,'dokumentasi/MzaBKj9jOMAcNfVNfCvPwJ5jZuEbdm662R6Auhlp.png','2026-06-22 03:46:20','2026-06-22 03:46:20'),
(134,130,'dokumentasi/eU1pXqHJZ1KJhBR51ced2AgkZsUdS5Y5UCKcP1PW.png','2026-06-22 05:59:24','2026-06-22 05:59:24'),
(135,131,'dokumentasi/tWOK8V74g0H7stAghLwqpIQVrqsBPkzxv8a44i2k.png','2026-06-22 06:03:26','2026-06-22 06:03:26'),
(136,132,'dokumentasi/i4cG0SjHiKI6TMD2qG50pUKDr8yzfyMmtYLQo6nu.png','2026-06-22 06:06:33','2026-06-22 06:06:33'),
(137,133,'dokumentasi/o9jFSukVxf3hGCcb3Lxri3EIh8BWvODK8i34TDM9.png','2026-06-22 06:07:10','2026-06-22 06:07:10'),
(138,134,'dokumentasi/lv2HO0fLtQHdQZWCApau8kkZn92Ai5Xztmh9OkYr.png','2026-06-22 06:08:31','2026-06-22 06:08:31'),
(139,135,'dokumentasi/zh5Injsj4RFz9vKNZfS3A2G5b6ZNU6PDYnP0lXLP.png','2026-06-22 06:09:01','2026-06-22 06:09:01'),
(140,136,'dokumentasi/qPzT8Itkb3nGpsyyzM8kTPbcGMLQr5KhU1XVx5Dt.png','2026-06-22 06:10:54','2026-06-22 06:10:54'),
(141,137,'dokumentasi/pZleL8zVCWFfx98xzncfeYwYuyWNp9HDNE04GnJ8.png','2026-06-22 06:11:26','2026-06-22 06:11:26'),
(142,138,'dokumentasi/c26c73IB4Eoef1VwtVgf94wp4dnytW1uYFvEJInA.png','2026-06-22 06:12:19','2026-06-22 06:12:19'),
(143,139,'dokumentasi/U1uTfHDFfZHkwKprHzliiaiS8mEgb4q8h5ILosJL.png','2026-06-22 06:12:58','2026-06-22 06:12:58'),
(144,140,'dokumentasi/NfUNDmvaHz4DvHgUefTcA7kh8NupUGd9vBN641A2.png','2026-06-22 06:14:08','2026-06-22 06:14:08'),
(145,141,'dokumentasi/2l6kHf1b2FeQUzINQA3IuST0KfyfBCJ6y9qfsBvb.png','2026-06-22 06:14:40','2026-06-22 06:14:40'),
(146,142,'dokumentasi/nQYPmnzYQdOXvtULLTLutUAW8gsiHrdzBVKwMnee.png','2026-06-22 06:15:15','2026-06-22 06:15:15'),
(147,143,'dokumentasi/0G6Rwl71GTQAlsKArDOsdYEUZvw33CGdQIFBq0bd.png','2026-06-22 06:15:58','2026-06-22 06:15:58'),
(148,144,'dokumentasi/sKh3NsZ2Npv7VncjchfAjGIC5kKzJJxRvetqWC4L.png','2026-06-22 08:39:13','2026-06-22 08:39:13'),
(149,145,'dokumentasi/NmvWLn64w0wludaZ3ffkExuac9h3VJtJkDqISszT.png','2026-06-22 08:39:58','2026-06-22 08:39:58'),
(150,146,'dokumentasi/CQMk51rpoUQgm1ue2JZ3ZCSXZMxY2N1nCxjhvxvA.png','2026-06-22 08:40:38','2026-06-22 08:40:38'),
(151,147,'dokumentasi/ZqAsfB7QV9qTOOfwPwj3cAuQJ76SafOhIcqUQ9so.png','2026-06-22 08:41:28','2026-06-22 08:41:28'),
(152,148,'dokumentasi/iyw8yLQ9LQKZHIl4opjdPGCSI3nZujt2hmAXwbsg.png','2026-06-22 08:42:16','2026-06-22 08:42:16'),
(153,149,'dokumentasi/pE5W9UUEfkN4LpFtM3Pe3tUwoG4bo1ruJBp21sNi.png','2026-06-22 08:43:07','2026-06-22 08:43:07'),
(154,150,'dokumentasi/CzU4y1gJC3C7Se3MXw4TXBZRBiqA0lZg6lwwTm0r.png','2026-06-22 08:43:53','2026-06-22 08:43:53'),
(155,151,'dokumentasi/NahA5YWgJRhCJwHx4D5Eo4mv32REdcpKz3u0Q1oh.png','2026-06-22 08:45:37','2026-06-22 08:45:37'),
(156,152,'dokumentasi/92BcCn2FXLsyS6gdvNVNhmUv8zhkruc6btrDjbOX.png','2026-06-22 08:46:30','2026-06-22 08:46:30'),
(157,153,'dokumentasi/XxSTMscLSpsnUI9uVzWOVHcSvjEcukKx90IHll8E.png','2026-06-22 08:47:34','2026-06-22 08:47:34'),
(158,154,'dokumentasi/dyV3IvWIsV2m8oXZq0nZoyivc3H01kbq0fOwYRed.png','2026-06-22 08:48:32','2026-06-22 08:48:32'),
(159,155,'dokumentasi/3Wkvutw6NeX5YFE3DuXEwYN2cbVTk0uIa0Kqf1sN.png','2026-06-22 08:49:13','2026-06-22 08:49:13'),
(160,156,'dokumentasi/lAbCKzi7QOKEL3U6Xq6CBpljO1GjkTSL4xRd7W4E.png','2026-06-22 08:50:06','2026-06-22 08:50:06');
/*!40000 ALTER TABLE `dokumentasi_harian_images` ENABLE KEYS */;
UNLOCK TABLES;

--
-- Table structure for table `dokumentasi_harians`
--

DROP TABLE IF EXISTS `dokumentasi_harians`;
/*!40101 SET @saved_cs_client     = @@character_set_client */;
/*!40101 SET character_set_client = utf8 */;
CREATE TABLE `dokumentasi_harians` (
  `id` bigint(20) unsigned NOT NULL AUTO_INCREMENT,
  `tanggal` date NOT NULL,
  `judul` varchar(255) NOT NULL,
  `keterangan` text DEFAULT NULL,
  `created_at` timestamp NULL DEFAULT NULL,
  `updated_at` timestamp NULL DEFAULT NULL,
  `kebun_id` bigint(20) unsigned DEFAULT NULL,
  `karyawan_id` bigint(20) unsigned DEFAULT NULL,
  PRIMARY KEY (`id`),
  KEY `dokumentasi_harians_kebun_id_foreign` (`kebun_id`),
  KEY `dokumentasi_harians_karyawan_id_foreign` (`karyawan_id`),
  CONSTRAINT `dokumentasi_harians_karyawan_id_foreign` FOREIGN KEY (`karyawan_id`) REFERENCES `karyawans` (`id`) ON DELETE SET NULL,
  CONSTRAINT `dokumentasi_harians_kebun_id_foreign` FOREIGN KEY (`kebun_id`) REFERENCES `kebuns` (`id`) ON DELETE SET NULL
) ENGINE=InnoDB AUTO_INCREMENT=157 DEFAULT CHARSET=utf8mb4 COLLATE=utf8mb4_unicode_ci;
/*!40101 SET character_set_client = @saved_cs_client */;

--
-- Dumping data for table `dokumentasi_harians`
--

LOCK TABLES `dokumentasi_harians` WRITE;
/*!40000 ALTER TABLE `dokumentasi_harians` DISABLE KEYS */;
INSERT INTO `dokumentasi_harians` VALUES
(2,'2026-06-11','Pembersihan',NULL,'2026-06-21 08:38:52','2026-06-21 08:38:52',1,18),
(3,'2026-06-11','Pembersihan Kebun',NULL,'2026-06-21 08:40:01','2026-06-21 08:40:01',1,17),
(4,'2026-06-11','Pembersihan Kebun',NULL,'2026-06-21 08:40:52','2026-06-21 08:40:52',1,22),
(5,'2026-06-12','Pemarasan Rumput','menggunakan peda','2026-06-21 08:42:27','2026-06-21 08:49:20',1,19),
(6,'2026-06-12','Pemarasan Rumput','menggunakan peda','2026-06-21 08:43:44','2026-06-21 08:49:36',1,21),
(7,'2026-06-12','Pemarasan Rumput','menggunakan peda','2026-06-21 08:44:57','2026-06-21 08:49:55',1,20),
(8,'2026-06-12','Pemarasan Rumput','Menggunakan peda','2026-06-21 08:46:28','2026-06-21 08:50:13',1,18),
(9,'2026-06-12','Pemarasan Rumput','menggunakan peda','2026-06-21 08:47:20','2026-06-21 08:50:27',1,17),
(10,'2026-06-10','Pemarasan Rumput','menggunakan peda','2026-06-21 08:53:20','2026-06-21 08:53:20',1,21),
(11,'2026-06-10','Pemarasan Rumput','menggunakan peda','2026-06-21 08:54:12','2026-06-21 08:54:12',1,20),
(12,'2026-06-10','Pemarasan Rumput','menggunakan peda','2026-06-21 08:55:02','2026-06-21 08:55:02',1,18),
(13,'2026-06-10','Pemarasan Rumput','menggunakan peda','2026-06-21 08:56:04','2026-06-21 08:56:04',1,17),
(14,'2026-06-10','Pemarasan Rumput','Kupas kelapa','2026-06-21 08:57:21','2026-06-21 08:57:21',1,28),
(15,'2026-06-08','Pemarasan Rumput','Menggunakan peda','2026-06-21 08:58:37','2026-06-21 08:58:37',1,18),
(16,'2026-06-08','Pemarasan Rumput','Menggunakan peda','2026-06-21 08:59:26','2026-06-21 08:59:26',1,17),
(17,'2026-06-09','Pemarasan Rumput',NULL,'2026-06-21 09:00:08','2026-06-21 09:00:08',1,19),
(18,'2026-06-09','Pemarasan Rumput',NULL,'2026-06-21 09:01:04','2026-06-21 09:01:04',1,20),
(19,'2026-06-09','Pemarasan Rumput',NULL,'2026-06-21 09:02:24','2026-06-21 09:02:24',1,18),
(20,'2026-06-09','Pemarasan Rumput',NULL,'2026-06-21 09:03:25','2026-06-21 09:03:25',1,17),
(21,'2026-06-09','Pemarasan Rumput',NULL,'2026-06-21 09:04:22','2026-06-21 09:04:22',1,28),
(22,'2026-06-13','Pemarasan Rumput',NULL,'2026-06-21 09:06:35','2026-06-21 09:06:35',1,18),
(23,'2026-06-13','Pemarasan Rumput',NULL,'2026-06-21 09:07:18','2026-06-21 09:07:18',1,17),
(24,'2026-06-13','Pemarasan Rumput',NULL,'2026-06-21 09:09:30','2026-06-21 09:09:30',1,28),
(25,'2026-06-08','Pemarasan Rumput',NULL,'2026-06-21 10:06:58','2026-06-21 10:06:58',3,1),
(26,'2026-06-08','Pemarasan Rumput','menggunakan mesin','2026-06-21 10:08:14','2026-06-21 10:08:14',3,6),
(27,'2026-06-08','Pemarasan Rumput','Menggunakan Mesin','2026-06-21 10:09:06','2026-06-21 10:09:06',3,7),
(28,'2026-06-08','Kupas Kelapa',NULL,'2026-06-21 10:10:12','2026-06-21 11:17:57',3,NULL),
(31,'2026-06-08','Pemanjat Kelapa',NULL,'2026-06-21 10:14:10','2026-06-21 10:14:10',3,12),
(32,'2026-06-08','Pemanjat Kelapa',NULL,'2026-06-21 10:15:10','2026-06-21 10:15:10',3,29),
(33,'2026-06-08','Pemanjat Kelapa',NULL,'2026-06-21 10:15:50','2026-06-21 10:15:50',3,15),
(34,'2026-06-09','Harian Kumpul',NULL,'2026-06-21 10:17:01','2026-06-21 10:17:01',3,3),
(35,'2026-06-09','Harian Kumpul',NULL,'2026-06-21 10:17:56','2026-06-21 10:17:56',3,1),
(36,'2026-06-09','Paras Mesin',NULL,'2026-06-21 10:18:53','2026-06-21 10:18:53',3,6),
(37,'2026-06-09','Paras Mesin',NULL,'2026-06-21 10:19:35','2026-06-21 10:19:35',3,7),
(38,'2026-06-10','Kupas Kelapa',NULL,'2026-06-21 10:20:28','2026-06-21 11:39:00',3,NULL),
(42,'2026-06-09','Pemanjat Kelapa',NULL,'2026-06-21 10:23:29','2026-06-21 10:23:29',3,16),
(43,'2026-06-10','Pemanjat Kelapa',NULL,'2026-06-21 10:24:28','2026-06-21 11:40:45',3,NULL),
(44,'2026-06-09','Pemanjat Kelapa',NULL,'2026-06-21 10:25:31','2026-06-21 10:25:31',3,14),
(45,'2026-06-09','Pemanjat Kelapa',NULL,'2026-06-21 10:26:49','2026-06-21 10:26:49',3,29),
(46,'2026-06-10','Harian Kumpul',NULL,'2026-06-21 11:05:58','2026-06-21 11:05:58',3,3),
(47,'2026-06-10','Harian Kumpul',NULL,'2026-06-21 11:20:09','2026-06-21 11:20:09',3,NULL),
(48,'2026-06-10','Harian Kumpul',NULL,'2026-06-21 11:20:49','2026-06-21 11:20:49',3,NULL),
(49,'2026-06-10','Harian Kumpul',NULL,'2026-06-21 11:21:53','2026-06-21 11:21:53',3,NULL),
(50,'2026-06-10','Pemarasan Rumput',NULL,'2026-06-21 11:28:48','2026-06-21 11:37:26',3,NULL),
(51,'2026-06-10','Pemarasan Rumput',NULL,'2026-06-21 11:29:29','2026-06-21 11:38:26',3,NULL),
(52,'2026-06-10','Pemarasan Rumput',NULL,'2026-06-21 11:30:17','2026-06-21 11:37:59',3,NULL),
(53,'2026-06-09','Kupas Kelapa',NULL,'2026-06-21 11:31:26','2026-06-21 11:31:26',3,NULL),
(54,'2026-06-10','Pemanjat Kelapa',NULL,'2026-06-21 11:33:01','2026-06-21 11:39:45',3,NULL),
(55,'2026-06-10','Pemanjat Kelapa',NULL,'2026-06-21 11:33:47','2026-06-21 11:41:18',3,NULL),
(56,'2026-06-11','Harian Kumpul',NULL,'2026-06-21 11:35:15','2026-06-21 11:35:15',3,NULL),
(57,'2026-06-11','Harian Kumpul',NULL,'2026-06-21 11:43:05','2026-06-21 11:43:05',3,NULL),
(58,'2026-06-11','Pemarasan Rumput',NULL,'2026-06-21 11:44:23','2026-06-21 11:44:23',3,NULL),
(59,'2026-06-11','Kupas Kelapa',NULL,'2026-06-21 11:45:32','2026-06-21 11:45:32',3,NULL),
(60,'2026-06-11','Pemanjat Kelapa',NULL,'2026-06-21 11:47:17','2026-06-21 11:47:17',3,NULL),
(61,'2026-06-11','Pemanjat Kelapa',NULL,'2026-06-21 11:48:24','2026-06-21 11:48:24',3,NULL),
(62,'2026-06-12','Harian Kumpul',NULL,'2026-06-21 11:49:25','2026-06-21 11:49:25',3,NULL),
(63,'2026-06-12','Harian Kumpul',NULL,'2026-06-21 11:50:28','2026-06-21 11:50:28',3,NULL),
(64,'2026-06-12','Pemarasan Rumput',NULL,'2026-06-21 11:51:11','2026-06-21 11:51:11',3,NULL),
(65,'2026-06-12','Kupas Kelapa',NULL,'2026-06-21 11:52:15','2026-06-21 11:52:15',3,NULL),
(66,'2026-06-12','Pemanjat Kelapa',NULL,'2026-06-21 11:53:21','2026-06-21 11:53:21',3,NULL),
(67,'2026-06-12','Pemanjat Kelapa',NULL,'2026-06-21 11:54:08','2026-06-21 11:54:08',3,NULL),
(68,'2026-06-13','Harian Kumpul',NULL,'2026-06-21 11:55:15','2026-06-21 11:55:15',3,NULL),
(69,'2026-06-13','Harian Kumpul',NULL,'2026-06-21 11:55:55','2026-06-21 11:55:55',3,NULL),
(70,'2026-06-13','Pemarasan Rumput',NULL,'2026-06-21 11:57:05','2026-06-21 11:57:05',3,NULL),
(71,'2026-06-13','Kupas Kelapa',NULL,'2026-06-21 11:57:53','2026-06-21 11:57:53',3,NULL),
(72,'2026-06-08','Pemetik Cengkeh',NULL,'2026-06-21 12:01:17','2026-06-21 12:01:17',3,NULL),
(73,'2026-06-09','Pemetik Cengkeh',NULL,'2026-06-21 12:02:44','2026-06-21 12:02:44',3,NULL),
(74,'2026-06-10','Pemetik Cengkeh',NULL,'2026-06-21 12:06:49','2026-06-21 12:06:49',3,NULL),
(75,'2026-06-11','Pemetik Cengkeh',NULL,'2026-06-21 12:08:33','2026-06-21 12:08:33',3,NULL),
(76,'2026-06-12','Pemetik Cengkeh',NULL,'2026-06-21 12:09:30','2026-06-21 12:09:30',3,NULL),
(77,'2026-06-12','Pemetik Cengkeh',NULL,'2026-06-21 12:10:33','2026-06-21 12:10:33',3,NULL),
(78,'2026-06-08','Penjemur Cengkeh',NULL,'2026-06-21 12:11:45','2026-06-21 12:11:45',3,NULL),
(79,'2026-06-09','Penjemur Cengkeh',NULL,'2026-06-21 12:12:17','2026-06-21 12:12:17',3,NULL),
(80,'2026-06-10','Penjemur Cengkeh',NULL,'2026-06-21 12:12:57','2026-06-21 12:12:57',3,NULL),
(81,'2026-06-11','Penjemur Cengkeh',NULL,'2026-06-21 12:13:45','2026-06-21 12:13:45',3,NULL),
(82,'2026-06-12','Penjemur Cengkeh',NULL,'2026-06-21 12:14:34','2026-06-21 12:14:34',3,NULL),
(83,'2026-06-15','Harian Kumpul',NULL,'2026-06-22 03:10:28','2026-06-22 03:10:28',3,NULL),
(84,'2026-06-15','Harian Kumpul',NULL,'2026-06-22 03:11:09','2026-06-22 03:11:09',3,NULL),
(85,'2026-06-15','Harian Kumpul',NULL,'2026-06-22 03:11:55','2026-06-22 03:11:55',3,NULL),
(86,'2026-06-15','Harian Kumpul',NULL,'2026-06-22 03:12:39','2026-06-22 03:12:39',3,NULL),
(87,'2026-06-15','Harian Kumpul',NULL,'2026-06-22 03:13:19','2026-06-22 03:13:19',3,NULL),
(88,'2026-06-15','Kupas Kelapa',NULL,'2026-06-22 03:14:26','2026-06-22 03:14:26',3,NULL),
(89,'2026-06-16','Harian Kumpul',NULL,'2026-06-22 03:15:13','2026-06-22 03:15:13',3,NULL),
(90,'2026-06-16','Harian Kumpul',NULL,'2026-06-22 03:15:55','2026-06-22 03:15:55',3,NULL),
(91,'2026-06-16','Harian Kumpul',NULL,'2026-06-22 03:16:35','2026-06-22 03:16:35',3,NULL),
(92,'2026-06-16','Pemarasan Rumput',NULL,'2026-06-22 03:17:29','2026-06-22 03:17:29',3,NULL),
(93,'2026-06-16','Pemarasan Rumput',NULL,'2026-06-22 03:18:18','2026-06-22 03:18:18',3,NULL),
(94,'2026-06-16','Kupas Kelapa',NULL,'2026-06-22 03:19:09','2026-06-22 03:19:09',3,NULL),
(95,'2026-06-16','Pemanjat Kelapa',NULL,'2026-06-22 03:19:52','2026-06-22 03:19:52',3,NULL),
(96,'2026-06-16','Pemanjat Kelapa',NULL,'2026-06-22 03:20:38','2026-06-22 03:20:38',3,NULL),
(97,'2026-06-16','Pemanjat Kelapa',NULL,'2026-06-22 03:21:20','2026-06-22 03:21:20',3,NULL),
(98,'2026-06-16','Pemanjat Kelapa',NULL,'2026-06-22 03:21:56','2026-06-22 03:21:56',3,NULL),
(99,'2026-06-17','Harian Kumpul',NULL,'2026-06-22 03:24:53','2026-06-22 03:24:53',3,NULL),
(100,'2026-06-17','Harian Kumpul',NULL,'2026-06-22 03:25:33','2026-06-22 03:25:33',3,NULL),
(101,'2026-06-17','Harian Kumpul',NULL,'2026-06-22 03:26:14','2026-06-22 03:26:14',3,NULL),
(102,'2026-06-17','Harian Kumpul',NULL,'2026-06-22 03:26:54','2026-06-22 03:26:54',3,NULL),
(103,'2026-06-17','Pemarasan Rumput',NULL,'2026-06-22 03:27:33','2026-06-22 03:27:33',3,NULL),
(104,'2026-06-17','Pemarasan Rumput',NULL,'2026-06-22 03:28:05','2026-06-22 03:28:05',3,NULL),
(105,'2026-06-17','Pemarasan Rumput',NULL,'2026-06-22 03:28:41','2026-06-22 03:28:41',3,NULL),
(106,'2026-06-17','Kupas Kelapa',NULL,'2026-06-22 03:29:23','2026-06-22 03:29:23',3,NULL),
(107,'2026-06-18','Harian Kumpul',NULL,'2026-06-22 03:30:01','2026-06-22 03:30:01',3,NULL),
(108,'2026-06-18','Harian Kumpul',NULL,'2026-06-22 03:30:38','2026-06-22 03:30:38',3,NULL),
(109,'2026-06-18','Harian Kumpul',NULL,'2026-06-22 03:31:14','2026-06-22 03:31:14',3,NULL),
(110,'2026-06-18','Pemarasan Rumput',NULL,'2026-06-22 03:31:49','2026-06-22 03:31:49',3,NULL),
(111,'2026-06-18','Pemarasan Rumput',NULL,'2026-06-22 03:32:26','2026-06-22 03:32:26',3,NULL),
(112,'2026-06-18','Pemarasan Rumput',NULL,'2026-06-22 03:33:03','2026-06-22 03:33:03',3,NULL),
(113,'2026-06-18','Kupas Kelapa',NULL,'2026-06-22 03:33:44','2026-06-22 03:33:44',3,NULL),
(114,'2026-06-19','Harian Kumpul',NULL,'2026-06-22 03:34:18','2026-06-22 03:34:18',3,NULL),
(115,'2026-06-19','Pemarasan Rumput',NULL,'2026-06-22 03:34:59','2026-06-22 03:34:59',3,NULL),
(116,'2026-06-19','Pemarasan Rumput',NULL,'2026-06-22 03:35:57','2026-06-22 03:35:57',3,NULL),
(117,'2026-06-19','Kupas Kelapa',NULL,'2026-06-22 03:36:52','2026-06-22 03:36:52',3,NULL),
(118,'2026-06-20','Harian Kumpul',NULL,'2026-06-22 03:37:32','2026-06-22 03:37:32',3,NULL),
(119,'2026-06-20','Harian Kumpul',NULL,'2026-06-22 03:38:07','2026-06-22 03:38:07',3,NULL),
(120,'2026-06-20','Harian Kumpul',NULL,'2026-06-22 03:38:51','2026-06-22 03:38:51',3,NULL),
(121,'2026-06-20','Harian Kumpul',NULL,'2026-06-22 03:39:35','2026-06-22 03:39:35',3,NULL),
(122,'2026-06-20','Pemarasan Rumput',NULL,'2026-06-22 03:40:19','2026-06-22 03:40:19',3,NULL),
(123,'2026-06-20','Pemarasan Rumput',NULL,'2026-06-22 03:40:54','2026-06-22 03:40:54',3,NULL),
(124,'2026-06-20','Pemarasan Rumput',NULL,'2026-06-22 03:41:31','2026-06-22 03:41:31',3,NULL),
(125,'2026-06-20','Kupas Kelapa',NULL,'2026-06-22 03:42:13','2026-06-22 03:42:13',3,NULL),
(126,'2026-06-19','Harian Kumpul',NULL,'2026-06-22 03:44:10','2026-06-22 03:44:10',3,NULL),
(127,'2026-06-19','Harian Kumpul',NULL,'2026-06-22 03:44:56','2026-06-22 03:44:56',3,NULL),
(128,'2026-06-19','Harian Kumpul',NULL,'2026-06-22 03:45:47','2026-06-22 03:45:47',3,NULL),
(129,'2026-06-19','Pemarasan Rumput',NULL,'2026-06-22 03:46:20','2026-06-22 03:46:20',3,NULL),
(130,'2026-06-15','Pemarasan Rumput',NULL,'2026-06-22 05:59:24','2026-06-22 05:59:24',7,NULL),
(131,'2026-06-15','Harian Kumpul',NULL,'2026-06-22 06:03:26','2026-06-22 06:04:12',7,NULL),
(132,'2026-06-16','Pemarasan Rumput',NULL,'2026-06-22 06:06:33','2026-06-22 06:06:33',7,NULL),
(133,'2026-06-16','Harian Kumpul',NULL,'2026-06-22 06:07:10','2026-06-22 06:07:10',7,NULL),
(134,'2026-06-17','Pemarasan Rumput',NULL,'2026-06-22 06:08:31','2026-06-22 06:08:31',7,NULL),
(135,'2026-06-17','Harian Kumpul',NULL,'2026-06-22 06:09:01','2026-06-22 06:09:01',7,NULL),
(136,'2026-06-18','Pemarasan Rumput',NULL,'2026-06-22 06:10:54','2026-06-22 06:10:54',7,NULL),
(137,'2026-06-18','Harian Kumpul',NULL,'2026-06-22 06:11:25','2026-06-22 06:11:25',7,NULL),
(138,'2026-06-19','Pemarasan Rumput',NULL,'2026-06-22 06:12:19','2026-06-22 06:12:19',7,NULL),
(139,'2026-06-20','Pemarasan Rumput',NULL,'2026-06-22 06:12:58','2026-06-22 06:12:58',7,NULL),
(140,'2026-06-17','Harian Kumpul',NULL,'2026-06-22 06:14:08','2026-06-22 06:14:08',7,NULL),
(141,'2026-06-18','Harian Kumpul',NULL,'2026-06-22 06:14:40','2026-06-22 06:14:40',7,NULL),
(142,'2026-06-19','Harian Kumpul',NULL,'2026-06-22 06:15:15','2026-06-22 06:15:15',7,NULL),
(143,'2026-06-20','Harian Kumpul',NULL,'2026-06-22 06:15:58','2026-06-22 06:15:58',7,NULL),
(144,'2026-06-15','Harian Kumpul',NULL,'2026-06-22 08:39:13','2026-06-22 08:39:13',1,NULL),
(145,'2026-06-15','Harian Kumpul',NULL,'2026-06-22 08:39:58','2026-06-22 08:39:58',1,NULL),
(146,'2026-06-15','Harian Kumpul',NULL,'2026-06-22 08:40:38','2026-06-22 08:40:38',1,NULL),
(147,'2026-06-15','Harian Kumpul',NULL,'2026-06-22 08:41:28','2026-06-22 08:41:28',1,NULL),
(148,'2026-06-15','Harian Kumpul',NULL,'2026-06-22 08:42:16','2026-06-22 08:42:16',1,NULL),
(149,'2026-06-16','Harian Kumpul',NULL,'2026-06-22 08:43:07','2026-06-22 08:43:07',1,NULL),
(150,'2026-06-17','Harian Kumpul',NULL,'2026-06-22 08:43:53','2026-06-22 08:43:53',1,NULL),
(151,'2026-06-17','Harian Kumpul',NULL,'2026-06-22 08:45:37','2026-06-22 08:45:37',1,NULL),
(152,'2026-06-18','Harian Kumpul',NULL,'2026-06-22 08:46:30','2026-06-22 08:46:30',1,NULL),
(153,'2026-06-19','Harian Kumpul',NULL,'2026-06-22 08:47:34','2026-06-22 08:47:34',1,NULL),
(154,'2026-06-19','Harian Kumpul',NULL,'2026-06-22 08:48:32','2026-06-22 08:48:32',1,NULL),
(155,'2026-06-20','Harian Kumpul',NULL,'2026-06-22 08:49:13','2026-06-22 08:49:13',1,NULL),
(156,'2026-06-20','Harian Kumpul',NULL,'2026-06-22 08:50:06','2026-06-22 08:50:06',1,NULL);
/*!40000 ALTER TABLE `dokumentasi_harians` ENABLE KEYS */;
UNLOCK TABLES;

--
-- Table structure for table `dokumentasi_karyawan`
--

DROP TABLE IF EXISTS `dokumentasi_karyawan`;
/*!40101 SET @saved_cs_client     = @@character_set_client */;
/*!40101 SET character_set_client = utf8 */;
CREATE TABLE `dokumentasi_karyawan` (
  `id` bigint(20) unsigned NOT NULL AUTO_INCREMENT,
  `dokumentasi_harian_id` bigint(20) unsigned NOT NULL,
  `karyawan_id` bigint(20) unsigned NOT NULL,
  `created_at` timestamp NULL DEFAULT NULL,
  `updated_at` timestamp NULL DEFAULT NULL,
  PRIMARY KEY (`id`),
  KEY `dokumentasi_karyawan_dokumentasi_harian_id_foreign` (`dokumentasi_harian_id`),
  KEY `dokumentasi_karyawan_karyawan_id_foreign` (`karyawan_id`),
  CONSTRAINT `dokumentasi_karyawan_dokumentasi_harian_id_foreign` FOREIGN KEY (`dokumentasi_harian_id`) REFERENCES `dokumentasi_harians` (`id`) ON DELETE CASCADE,
  CONSTRAINT `dokumentasi_karyawan_karyawan_id_foreign` FOREIGN KEY (`karyawan_id`) REFERENCES `karyawans` (`id`) ON DELETE CASCADE
) ENGINE=InnoDB AUTO_INCREMENT=223 DEFAULT CHARSET=utf8mb4 COLLATE=utf8mb4_unicode_ci;
/*!40101 SET character_set_client = @saved_cs_client */;

--
-- Dumping data for table `dokumentasi_karyawan`
--

LOCK TABLES `dokumentasi_karyawan` WRITE;
/*!40000 ALTER TABLE `dokumentasi_karyawan` DISABLE KEYS */;
INSERT INTO `dokumentasi_karyawan` VALUES
(1,2,18,'2026-06-21 08:38:52','2026-06-21 08:38:52'),
(2,3,17,'2026-06-21 08:40:01','2026-06-21 08:40:01'),
(3,4,22,'2026-06-21 08:40:52','2026-06-21 08:40:52'),
(4,5,19,'2026-06-21 08:42:27','2026-06-21 08:49:20'),
(5,6,21,'2026-06-21 08:43:44','2026-06-21 08:49:36'),
(6,7,20,'2026-06-21 08:44:57','2026-06-21 08:49:55'),
(7,8,18,'2026-06-21 08:46:28','2026-06-21 08:50:13'),
(8,9,17,'2026-06-21 08:47:20','2026-06-21 08:50:27'),
(9,10,21,'2026-06-21 08:53:20','2026-06-21 08:53:20'),
(10,11,20,'2026-06-21 08:54:12','2026-06-21 08:54:12'),
(11,12,18,'2026-06-21 08:55:02','2026-06-21 08:55:02'),
(12,13,17,'2026-06-21 08:56:04','2026-06-21 08:56:04'),
(13,14,28,'2026-06-21 08:57:21','2026-06-21 08:57:21'),
(14,15,18,'2026-06-21 08:58:37','2026-06-21 08:58:37'),
(15,16,17,'2026-06-21 08:59:26','2026-06-21 08:59:26'),
(16,17,19,'2026-06-21 09:00:08','2026-06-21 09:00:08'),
(17,18,20,'2026-06-21 09:01:04','2026-06-21 09:01:04'),
(18,19,18,'2026-06-21 09:02:24','2026-06-21 09:02:24'),
(19,20,17,'2026-06-21 09:03:25','2026-06-21 09:03:25'),
(20,21,28,'2026-06-21 09:04:22','2026-06-21 09:04:22'),
(21,22,18,'2026-06-21 09:06:35','2026-06-21 09:06:35'),
(22,23,17,'2026-06-21 09:07:18','2026-06-21 09:07:18'),
(23,24,28,'2026-06-21 09:09:30','2026-06-21 09:09:30'),
(24,25,1,'2026-06-21 10:06:58','2026-06-21 10:06:58'),
(25,26,6,'2026-06-21 10:08:14','2026-06-21 10:08:14'),
(26,27,7,'2026-06-21 10:09:06','2026-06-21 10:09:06'),
(27,28,10,'2026-06-21 10:10:12','2026-06-21 10:10:12'),
(30,31,12,'2026-06-21 10:14:10','2026-06-21 10:14:10'),
(31,32,29,'2026-06-21 10:15:10','2026-06-21 10:15:10'),
(32,33,15,'2026-06-21 10:15:50','2026-06-21 10:15:50'),
(33,34,3,'2026-06-21 10:17:01','2026-06-21 10:17:01'),
(34,35,1,'2026-06-21 10:17:56','2026-06-21 10:17:56'),
(35,36,6,'2026-06-21 10:18:53','2026-06-21 10:18:53'),
(36,37,7,'2026-06-21 10:19:35','2026-06-21 10:19:35'),
(37,38,10,'2026-06-21 10:20:28','2026-06-21 10:20:28'),
(41,42,16,'2026-06-21 10:23:29','2026-06-21 10:23:29'),
(42,43,12,'2026-06-21 10:24:28','2026-06-21 10:24:28'),
(43,44,14,'2026-06-21 10:25:31','2026-06-21 10:25:31'),
(44,45,29,'2026-06-21 10:26:49','2026-06-21 10:26:49'),
(45,46,3,'2026-06-21 11:05:58','2026-06-21 11:05:58'),
(46,38,8,NULL,NULL),
(47,38,9,NULL,NULL),
(48,38,11,NULL,NULL),
(49,28,8,NULL,NULL),
(50,28,11,NULL,NULL),
(51,47,4,NULL,NULL),
(52,48,1,NULL,NULL),
(53,49,2,NULL,NULL),
(54,50,6,NULL,NULL),
(55,51,7,NULL,NULL),
(56,52,5,NULL,NULL),
(57,53,10,NULL,NULL),
(58,53,8,NULL,NULL),
(59,53,9,NULL,NULL),
(60,53,11,NULL,NULL),
(61,54,16,NULL,NULL),
(62,54,12,NULL,NULL),
(63,54,14,NULL,NULL),
(64,55,29,NULL,NULL),
(65,56,3,NULL,NULL),
(66,56,4,NULL,NULL),
(67,56,1,NULL,NULL),
(68,57,2,NULL,NULL),
(69,58,6,NULL,NULL),
(70,58,5,NULL,NULL),
(71,58,7,NULL,NULL),
(72,59,8,NULL,NULL),
(73,59,9,NULL,NULL),
(74,60,16,NULL,NULL),
(75,60,12,NULL,NULL),
(76,60,29,NULL,NULL),
(77,61,14,NULL,NULL),
(78,62,3,NULL,NULL),
(79,62,4,NULL,NULL),
(80,62,1,NULL,NULL),
(81,63,2,NULL,NULL),
(82,64,5,NULL,NULL),
(83,64,7,NULL,NULL),
(84,65,8,NULL,NULL),
(85,65,9,NULL,NULL),
(86,66,16,NULL,NULL),
(87,66,12,NULL,NULL),
(88,66,29,NULL,NULL),
(89,67,14,NULL,NULL),
(90,68,3,NULL,NULL),
(91,68,4,NULL,NULL),
(92,68,1,NULL,NULL),
(93,69,2,NULL,NULL),
(94,70,6,NULL,NULL),
(95,70,5,NULL,NULL),
(96,70,7,NULL,NULL),
(97,71,8,NULL,NULL),
(98,71,9,NULL,NULL),
(99,72,31,NULL,NULL),
(100,72,32,NULL,NULL),
(101,72,30,NULL,NULL),
(102,73,31,NULL,NULL),
(103,73,32,NULL,NULL),
(105,74,30,NULL,NULL),
(106,75,31,NULL,NULL),
(107,75,32,NULL,NULL),
(108,76,31,NULL,NULL),
(109,77,30,NULL,NULL),
(110,78,33,NULL,NULL),
(111,78,34,NULL,NULL),
(112,79,33,NULL,NULL),
(113,79,34,NULL,NULL),
(114,80,33,NULL,NULL),
(115,80,34,NULL,NULL),
(116,81,33,NULL,NULL),
(117,81,34,NULL,NULL),
(118,82,33,NULL,NULL),
(119,82,34,NULL,NULL),
(120,83,1,NULL,NULL),
(121,84,3,NULL,NULL),
(122,85,4,NULL,NULL),
(123,86,2,NULL,NULL),
(124,87,5,NULL,NULL),
(125,88,8,NULL,NULL),
(126,88,9,NULL,NULL),
(127,89,2,NULL,NULL),
(128,90,4,NULL,NULL),
(129,91,3,NULL,NULL),
(130,92,5,NULL,NULL),
(131,93,6,NULL,NULL),
(132,94,10,NULL,NULL),
(133,94,8,NULL,NULL),
(134,94,1,NULL,NULL),
(135,94,9,NULL,NULL),
(136,95,16,NULL,NULL),
(137,96,12,NULL,NULL),
(138,97,29,NULL,NULL),
(139,98,14,NULL,NULL),
(140,99,4,NULL,NULL),
(141,100,2,NULL,NULL),
(142,101,2,NULL,NULL),
(143,102,3,NULL,NULL),
(144,103,5,NULL,NULL),
(145,104,6,NULL,NULL),
(146,105,7,NULL,NULL),
(147,106,10,NULL,NULL),
(148,106,8,NULL,NULL),
(149,106,1,NULL,NULL),
(150,106,11,NULL,NULL),
(151,107,4,NULL,NULL),
(152,108,3,NULL,NULL),
(153,109,2,NULL,NULL),
(154,109,9,NULL,NULL),
(155,110,7,NULL,NULL),
(156,111,6,NULL,NULL),
(157,112,5,NULL,NULL),
(158,113,10,NULL,NULL),
(159,113,8,NULL,NULL),
(160,113,1,NULL,NULL),
(161,113,11,NULL,NULL),
(162,114,9,NULL,NULL),
(163,115,5,NULL,NULL),
(164,116,7,NULL,NULL),
(165,117,10,NULL,NULL),
(166,117,8,NULL,NULL),
(167,117,1,NULL,NULL),
(168,117,11,NULL,NULL),
(169,118,4,NULL,NULL),
(170,119,9,NULL,NULL),
(171,120,2,NULL,NULL),
(172,121,3,NULL,NULL),
(173,122,6,NULL,NULL),
(174,123,5,NULL,NULL),
(175,124,7,NULL,NULL),
(176,125,10,NULL,NULL),
(177,125,8,NULL,NULL),
(178,125,1,NULL,NULL),
(179,125,11,NULL,NULL),
(180,126,4,NULL,NULL),
(181,127,2,NULL,NULL),
(182,128,3,NULL,NULL),
(183,129,6,NULL,NULL),
(184,130,23,NULL,NULL),
(185,130,26,NULL,NULL),
(186,131,27,NULL,NULL),
(187,132,25,NULL,NULL),
(188,132,23,NULL,NULL),
(189,132,26,NULL,NULL),
(190,133,27,NULL,NULL),
(191,134,24,NULL,NULL),
(192,134,25,NULL,NULL),
(193,134,23,NULL,NULL),
(194,134,26,NULL,NULL),
(195,135,27,NULL,NULL),
(196,136,24,NULL,NULL),
(197,136,25,NULL,NULL),
(198,136,23,NULL,NULL),
(199,136,26,NULL,NULL),
(200,137,27,NULL,NULL),
(201,138,24,NULL,NULL),
(202,138,25,NULL,NULL),
(203,138,23,NULL,NULL),
(204,138,26,NULL,NULL),
(205,139,24,NULL,NULL),
(206,140,36,NULL,NULL),
(207,141,36,NULL,NULL),
(208,142,36,NULL,NULL),
(209,143,36,NULL,NULL),
(210,144,17,NULL,NULL),
(211,145,22,NULL,NULL),
(212,146,18,NULL,NULL),
(213,147,21,NULL,NULL),
(214,148,20,NULL,NULL),
(215,149,18,NULL,NULL),
(216,150,18,NULL,NULL),
(217,151,22,NULL,NULL),
(218,152,18,NULL,NULL),
(219,153,18,NULL,NULL),
(220,154,18,NULL,NULL),
(221,155,22,NULL,NULL),
(222,156,18,NULL,NULL);
/*!40000 ALTER TABLE `dokumentasi_karyawan` ENABLE KEYS */;
UNLOCK TABLES;

--
-- Table structure for table `failed_jobs`
--

DROP TABLE IF EXISTS `failed_jobs`;
/*!40101 SET @saved_cs_client     = @@character_set_client */;
/*!40101 SET character_set_client = utf8 */;
CREATE TABLE `failed_jobs` (
  `id` bigint(20) unsigned NOT NULL AUTO_INCREMENT,
  `uuid` varchar(255) NOT NULL,
  `connection` text NOT NULL,
  `queue` text NOT NULL,
  `payload` longtext NOT NULL,
  `exception` longtext NOT NULL,
  `failed_at` timestamp NOT NULL DEFAULT current_timestamp(),
  PRIMARY KEY (`id`),
  UNIQUE KEY `failed_jobs_uuid_unique` (`uuid`)
) ENGINE=InnoDB DEFAULT CHARSET=utf8mb4 COLLATE=utf8mb4_unicode_ci;
/*!40101 SET character_set_client = @saved_cs_client */;

--
-- Dumping data for table `failed_jobs`
--

LOCK TABLES `failed_jobs` WRITE;
/*!40000 ALTER TABLE `failed_jobs` DISABLE KEYS */;
/*!40000 ALTER TABLE `failed_jobs` ENABLE KEYS */;
UNLOCK TABLES;

--
-- Table structure for table `jabatan_karyawan`
--

DROP TABLE IF EXISTS `jabatan_karyawan`;
/*!40101 SET @saved_cs_client     = @@character_set_client */;
/*!40101 SET character_set_client = utf8 */;
CREATE TABLE `jabatan_karyawan` (
  `id` bigint(20) unsigned NOT NULL AUTO_INCREMENT,
  `karyawan_id` bigint(20) unsigned NOT NULL,
  `jabatan_id` bigint(20) unsigned NOT NULL,
  `created_at` timestamp NULL DEFAULT NULL,
  `updated_at` timestamp NULL DEFAULT NULL,
  PRIMARY KEY (`id`),
  KEY `jabatan_karyawan_karyawan_id_foreign` (`karyawan_id`),
  KEY `jabatan_karyawan_jabatan_id_foreign` (`jabatan_id`),
  CONSTRAINT `jabatan_karyawan_jabatan_id_foreign` FOREIGN KEY (`jabatan_id`) REFERENCES `jabatans` (`id`) ON DELETE CASCADE,
  CONSTRAINT `jabatan_karyawan_karyawan_id_foreign` FOREIGN KEY (`karyawan_id`) REFERENCES `karyawans` (`id`) ON DELETE CASCADE
) ENGINE=InnoDB AUTO_INCREMENT=52 DEFAULT CHARSET=utf8mb4 COLLATE=utf8mb4_unicode_ci;
/*!40101 SET character_set_client = @saved_cs_client */;

--
-- Dumping data for table `jabatan_karyawan`
--

LOCK TABLES `jabatan_karyawan` WRITE;
/*!40000 ALTER TABLE `jabatan_karyawan` DISABLE KEYS */;
INSERT INTO `jabatan_karyawan` VALUES
(1,1,1,'2026-06-19 13:21:18','2026-06-19 13:21:18'),
(2,2,1,'2026-06-19 13:21:18','2026-06-19 13:21:18'),
(3,3,1,'2026-06-19 13:21:18','2026-06-19 13:21:18'),
(4,4,1,'2026-06-19 13:21:18','2026-06-19 13:21:18'),
(5,5,2,'2026-06-19 13:21:18','2026-06-19 13:21:18'),
(6,6,2,'2026-06-19 13:21:18','2026-06-19 13:21:18'),
(7,7,2,'2026-06-19 13:21:18','2026-06-19 13:21:18'),
(8,8,3,'2026-06-19 13:21:18','2026-06-19 13:21:18'),
(9,9,3,'2026-06-19 13:21:18','2026-06-19 13:21:18'),
(10,10,3,'2026-06-19 13:21:18','2026-06-19 13:21:18'),
(11,11,3,'2026-06-19 13:21:18','2026-06-19 13:21:18'),
(12,12,4,'2026-06-19 13:21:18','2026-06-19 13:21:18'),
(13,13,4,'2026-06-19 13:21:18','2026-06-19 13:21:18'),
(14,14,4,'2026-06-19 13:21:18','2026-06-19 13:21:18'),
(15,15,4,'2026-06-19 13:21:18','2026-06-19 13:21:18'),
(16,16,4,'2026-06-19 13:21:18','2026-06-19 13:21:18'),
(17,17,1,'2026-06-19 13:21:18','2026-06-19 13:21:18'),
(18,18,1,'2026-06-19 13:21:18','2026-06-19 13:21:18'),
(19,19,1,'2026-06-19 13:21:18','2026-06-19 13:21:18'),
(20,20,1,'2026-06-19 13:21:18','2026-06-19 13:21:18'),
(21,21,1,'2026-06-19 13:21:18','2026-06-19 13:21:18'),
(22,22,1,'2026-06-19 13:21:18','2026-06-19 13:21:18'),
(23,23,2,'2026-06-19 13:21:18','2026-06-19 13:21:18'),
(24,24,2,'2026-06-19 13:21:18','2026-06-19 13:21:18'),
(25,25,2,'2026-06-19 13:21:18','2026-06-19 13:21:18'),
(26,26,2,'2026-06-19 13:21:18','2026-06-19 13:21:18'),
(27,27,1,'2026-06-19 13:21:18','2026-06-19 13:21:18'),
(28,28,3,'2026-06-19 13:21:18','2026-06-19 13:21:18'),
(29,29,4,NULL,NULL),
(30,30,5,NULL,NULL),
(31,31,5,NULL,NULL),
(32,32,5,NULL,NULL),
(33,33,6,NULL,NULL),
(34,34,6,NULL,NULL),
(35,35,1,NULL,NULL),
(36,36,1,NULL,NULL),
(37,37,4,NULL,NULL),
(38,38,4,NULL,NULL),
(39,39,4,NULL,NULL),
(40,40,4,NULL,NULL),
(41,41,4,NULL,NULL),
(42,42,4,NULL,NULL),
(43,43,4,NULL,NULL),
(44,44,4,NULL,NULL),
(45,45,4,NULL,NULL),
(46,46,4,NULL,NULL),
(47,47,7,NULL,NULL),
(48,48,7,NULL,NULL),
(49,49,9,NULL,NULL),
(50,50,9,NULL,NULL),
(51,1,3,NULL,NULL);
/*!40000 ALTER TABLE `jabatan_karyawan` ENABLE KEYS */;
UNLOCK TABLES;

--
-- Table structure for table `jabatans`
--

DROP TABLE IF EXISTS `jabatans`;
/*!40101 SET @saved_cs_client     = @@character_set_client */;
/*!40101 SET character_set_client = utf8 */;
CREATE TABLE `jabatans` (
  `id` bigint(20) unsigned NOT NULL AUTO_INCREMENT,
  `nama` varchar(255) NOT NULL,
  `tipe_gaji` enum('Tetap','Harian','Borongan') NOT NULL DEFAULT 'Harian',
  `created_at` timestamp NULL DEFAULT NULL,
  `updated_at` timestamp NULL DEFAULT NULL,
  PRIMARY KEY (`id`)
) ENGINE=InnoDB AUTO_INCREMENT=10 DEFAULT CHARSET=utf8mb4 COLLATE=utf8mb4_unicode_ci;
/*!40101 SET character_set_client = @saved_cs_client */;

--
-- Dumping data for table `jabatans`
--

LOCK TABLES `jabatans` WRITE;
/*!40000 ALTER TABLE `jabatans` DISABLE KEYS */;
INSERT INTO `jabatans` VALUES
(1,'Harian Kumpul','Harian','2026-06-19 13:21:18','2026-06-19 13:21:18'),
(2,'Memaras Mesin','Borongan','2026-06-19 13:21:18','2026-06-21 10:29:42'),
(3,'Kupas Kelapa','Borongan','2026-06-19 13:21:18','2026-06-19 13:21:18'),
(4,'Pemanjat Kelapa','Borongan','2026-06-19 13:21:18','2026-06-19 13:21:18'),
(5,'Pemetik Cengkeh','Borongan','2026-06-19 13:24:40','2026-06-19 13:24:40'),
(6,'Penjemur Cengkeh','Harian','2026-06-19 13:25:23','2026-06-19 13:25:23'),
(7,'Pengawas Kebun','Tetap','2026-06-20 13:53:34','2026-06-20 13:53:34'),
(8,'Mandor','Tetap','2026-06-20 13:53:54','2026-06-20 13:53:54'),
(9,'Sopir Kebun','Tetap','2026-06-20 13:54:17','2026-06-20 13:54:17');
/*!40000 ALTER TABLE `jabatans` ENABLE KEYS */;
UNLOCK TABLES;

--
-- Table structure for table `job_batches`
--

DROP TABLE IF EXISTS `job_batches`;
/*!40101 SET @saved_cs_client     = @@character_set_client */;
/*!40101 SET character_set_client = utf8 */;
CREATE TABLE `job_batches` (
  `id` varchar(255) NOT NULL,
  `name` varchar(255) NOT NULL,
  `total_jobs` int(11) NOT NULL,
  `pending_jobs` int(11) NOT NULL,
  `failed_jobs` int(11) NOT NULL,
  `failed_job_ids` longtext NOT NULL,
  `options` mediumtext DEFAULT NULL,
  `cancelled_at` int(11) DEFAULT NULL,
  `created_at` int(11) NOT NULL,
  `finished_at` int(11) DEFAULT NULL,
  PRIMARY KEY (`id`)
) ENGINE=InnoDB DEFAULT CHARSET=utf8mb4 COLLATE=utf8mb4_unicode_ci;
/*!40101 SET character_set_client = @saved_cs_client */;

--
-- Dumping data for table `job_batches`
--

LOCK TABLES `job_batches` WRITE;
/*!40000 ALTER TABLE `job_batches` DISABLE KEYS */;
/*!40000 ALTER TABLE `job_batches` ENABLE KEYS */;
UNLOCK TABLES;

--
-- Table structure for table `jobs`
--

DROP TABLE IF EXISTS `jobs`;
/*!40101 SET @saved_cs_client     = @@character_set_client */;
/*!40101 SET character_set_client = utf8 */;
CREATE TABLE `jobs` (
  `id` bigint(20) unsigned NOT NULL AUTO_INCREMENT,
  `queue` varchar(255) NOT NULL,
  `payload` longtext NOT NULL,
  `attempts` tinyint(3) unsigned NOT NULL,
  `reserved_at` int(10) unsigned DEFAULT NULL,
  `available_at` int(10) unsigned NOT NULL,
  `created_at` int(10) unsigned NOT NULL,
  PRIMARY KEY (`id`),
  KEY `jobs_queue_index` (`queue`)
) ENGINE=InnoDB DEFAULT CHARSET=utf8mb4 COLLATE=utf8mb4_unicode_ci;
/*!40101 SET character_set_client = @saved_cs_client */;

--
-- Dumping data for table `jobs`
--

LOCK TABLES `jobs` WRITE;
/*!40000 ALTER TABLE `jobs` DISABLE KEYS */;
/*!40000 ALTER TABLE `jobs` ENABLE KEYS */;
UNLOCK TABLES;

--
-- Table structure for table `karyawans`
--

DROP TABLE IF EXISTS `karyawans`;
/*!40101 SET @saved_cs_client     = @@character_set_client */;
/*!40101 SET character_set_client = utf8 */;
CREATE TABLE `karyawans` (
  `id` bigint(20) unsigned NOT NULL AUTO_INCREMENT,
  `nama` varchar(255) NOT NULL,
  `lokasi` varchar(255) DEFAULT NULL,
  `no_hp` varchar(255) DEFAULT NULL,
  `status` enum('Aktif','Nonaktif') NOT NULL DEFAULT 'Aktif',
  `created_at` timestamp NULL DEFAULT NULL,
  `updated_at` timestamp NULL DEFAULT NULL,
  PRIMARY KEY (`id`)
) ENGINE=InnoDB AUTO_INCREMENT=51 DEFAULT CHARSET=utf8mb4 COLLATE=utf8mb4_unicode_ci;
/*!40101 SET character_set_client = @saved_cs_client */;

--
-- Dumping data for table `karyawans`
--

LOCK TABLES `karyawans` WRITE;
/*!40000 ALTER TABLE `karyawans` DISABLE KEYS */;
INSERT INTO `karyawans` VALUES
(1,'Jhon Bantu',NULL,NULL,'Aktif','2026-06-17 15:43:38','2026-06-22 11:59:14'),
(2,'Juanda Durandt','Sapa',NULL,'Aktif','2026-06-17 15:43:38','2026-06-17 15:43:38'),
(3,'Adriana Maligoge','Sapa',NULL,'Aktif','2026-06-17 15:43:38','2026-06-17 15:43:38'),
(4,'Ivon Purnama','Sapa',NULL,'Aktif','2026-06-17 15:43:38','2026-06-17 15:43:38'),
(5,'Maxi Tenda','Sapa',NULL,'Aktif','2026-06-17 15:43:38','2026-06-17 15:43:38'),
(6,'Anton Ambalao','Sapa',NULL,'Aktif','2026-06-17 15:43:38','2026-06-17 15:43:38'),
(7,'Maykel Martin','Sapa',NULL,'Aktif','2026-06-17 15:43:38','2026-06-17 15:43:38'),
(8,'Frendy Bantu','Sapa',NULL,'Aktif','2026-06-17 15:43:38','2026-06-17 15:43:38'),
(9,'Noval Durandt','Sapa',NULL,'Aktif','2026-06-17 15:43:38','2026-06-17 15:43:38'),
(10,'Alfa Durandt','Sapa',NULL,'Aktif','2026-06-17 15:43:38','2026-06-17 15:43:38'),
(11,'Ruslan Latupo','Sapa',NULL,'Aktif','2026-06-17 15:43:38','2026-06-17 15:43:38'),
(12,'Freddy Ottay','Sapa',NULL,'Aktif','2026-06-17 15:43:38','2026-06-17 15:43:38'),
(13,'Jolly Erung',NULL,NULL,'Aktif','2026-06-17 15:43:38','2026-06-19 12:39:34'),
(14,'Simon Sasela','Sapa',NULL,'Aktif','2026-06-17 15:43:38','2026-06-17 15:43:38'),
(15,'Rinaldy Lohodandel','Sapa',NULL,'Aktif','2026-06-17 15:43:38','2026-06-17 15:43:38'),
(16,'Fanly Palit','Sapa',NULL,'Aktif','2026-06-17 15:43:38','2026-06-17 15:43:38'),
(17,'Riski Panigoro','Ranoketang',NULL,'Aktif','2026-06-17 15:43:38','2026-06-17 15:43:38'),
(18,'Niko Labulango','Ranoketang',NULL,'Aktif','2026-06-17 15:43:38','2026-06-17 15:43:38'),
(19,'Flandi Rembet','Ranoketang',NULL,'Aktif','2026-06-17 15:43:38','2026-06-17 15:43:38'),
(20,'Marlo Rembet','Ranoketang',NULL,'Aktif','2026-06-17 15:43:38','2026-06-17 15:43:38'),
(21,'Juan Rembet','Ranoketang',NULL,'Aktif','2026-06-17 15:43:38','2026-06-17 15:43:38'),
(22,'Yanto Runtuwene','Ranoketang',NULL,'Aktif','2026-06-17 15:43:38','2026-06-17 15:43:38'),
(23,'Herman Nayoan','Tombatu',NULL,'Aktif','2026-06-17 15:43:38','2026-06-17 15:43:38'),
(24,'Freddy Runturambi','Tombatu',NULL,'Aktif','2026-06-17 15:43:38','2026-06-17 15:43:38'),
(25,'Fredi Lamia','Tombatu',NULL,'Aktif','2026-06-17 15:43:38','2026-06-17 15:43:38'),
(26,'Reince Mogogibung','Tombatu',NULL,'Aktif','2026-06-17 15:43:38','2026-06-17 15:43:38'),
(27,'Marsel Suot','Tombatu',NULL,'Aktif','2026-06-17 15:43:38','2026-06-17 15:43:38'),
(28,'Yanto Runtuwene','RANOKETANG TUA',NULL,'Aktif','2026-06-17 16:21:57','2026-06-17 16:21:57'),
(29,'Jolly Engkol','Sapa',NULL,'Aktif','2026-06-19 13:23:54','2026-06-19 13:23:54'),
(30,'Mirando Danuwu','SAPA',NULL,'Aktif','2026-06-19 13:27:14','2026-06-19 13:27:14'),
(31,'Joan Sinaulan','SAPA',NULL,'Aktif','2026-06-19 13:27:56','2026-06-19 13:27:56'),
(32,'Meydi Egeten','SAPA',NULL,'Aktif','2026-06-19 13:28:17','2026-06-19 13:28:17'),
(33,'Brian Sigar','SAPA',NULL,'Aktif','2026-06-19 13:28:44','2026-06-19 13:28:44'),
(34,'Ridel Warokka','SAPA',NULL,'Aktif','2026-06-19 13:29:11','2026-06-19 13:29:11'),
(35,'Fredy K','TOMBATU',NULL,'Aktif','2026-06-19 14:16:14','2026-06-19 14:16:14'),
(36,'Bokeng Runturambi','TOMBATU',NULL,'Aktif','2026-06-19 14:19:09','2026-06-19 14:19:09'),
(37,'Alan Agow','RANOKETANG TUA',NULL,'Aktif','2026-06-19 15:09:16','2026-06-19 15:09:16'),
(38,'Frangki Naray','RANOKETANG TUA',NULL,'Aktif','2026-06-19 15:10:29','2026-06-19 15:10:29'),
(39,'Jufri Naray','RANOKETANG TUA',NULL,'Aktif','2026-06-19 15:11:34','2026-06-19 15:11:34'),
(40,'Theo Sambuaga','RANOKETANG TUA',NULL,'Aktif','2026-06-19 15:12:59','2026-06-19 15:12:59'),
(41,'Asis Baweteng','RANOKETANG TUA',NULL,'Aktif','2026-06-19 15:13:50','2026-06-19 15:13:50'),
(42,'Kristian Manaroinsong','TOMBATU',NULL,'Aktif','2026-06-19 15:27:49','2026-06-19 15:27:49'),
(43,'Rani Borani','TOMBATU',NULL,'Aktif','2026-06-19 15:28:20','2026-06-19 15:28:20'),
(44,'Riko Mokorimban','TOMBATU',NULL,'Aktif','2026-06-19 15:28:43','2026-06-19 15:28:43'),
(45,'Aldo Tulangow','TOMBATU',NULL,'Aktif','2026-06-19 15:29:35','2026-06-19 15:29:35'),
(46,'Sandi Palat','TOMBATU',NULL,'Aktif','2026-06-19 15:30:12','2026-06-19 15:30:12'),
(47,'Firsen Tilaar','TOMBATU',NULL,'Aktif','2026-06-20 13:55:06','2026-06-20 13:55:06'),
(48,'Alfon Manongko','SAPA',NULL,'Aktif','2026-06-20 13:56:24','2026-06-20 13:56:24'),
(49,'Riko Torengkeng','SAPA',NULL,'Aktif','2026-06-21 06:57:05','2026-06-21 06:57:05'),
(50,'Vendy Tuela','TOMBATU',NULL,'Aktif','2026-06-21 07:43:33','2026-06-21 07:43:33');
/*!40000 ALTER TABLE `karyawans` ENABLE KEYS */;
UNLOCK TABLES;

--
-- Table structure for table `kebuns`
--

DROP TABLE IF EXISTS `kebuns`;
/*!40101 SET @saved_cs_client     = @@character_set_client */;
/*!40101 SET character_set_client = utf8 */;
CREATE TABLE `kebuns` (
  `id` bigint(20) unsigned NOT NULL AUTO_INCREMENT,
  `nama` varchar(255) NOT NULL,
  `lokasi` varchar(255) DEFAULT NULL,
  `luas` decimal(8,2) NOT NULL DEFAULT 0.00,
  `status` varchar(255) NOT NULL DEFAULT 'Aktif',
  `created_at` timestamp NULL DEFAULT NULL,
  `updated_at` timestamp NULL DEFAULT NULL,
  PRIMARY KEY (`id`)
) ENGINE=InnoDB AUTO_INCREMENT=9 DEFAULT CHARSET=utf8mb4 COLLATE=utf8mb4_unicode_ci;
/*!40101 SET character_set_client = @saved_cs_client */;

--
-- Dumping data for table `kebuns`
--

LOCK TABLES `kebuns` WRITE;
/*!40000 ALTER TABLE `kebuns` DISABLE KEYS */;
INSERT INTO `kebuns` VALUES
(1,'RANOKETANG B','RANOKETANG TUA',3000.00,'Aktif','2026-06-17 07:48:15','2026-06-19 13:23:54'),
(2,'RANOKETANG A','RANOKETANG TUA',4000.00,'Aktif','2026-06-17 07:48:15','2026-06-19 13:23:54'),
(3,'LANSOT','SAPA',1000.00,'Aktif','2026-06-17 07:48:15','2026-06-19 13:23:54'),
(4,'KAYU WOLO','SAPA',2400.00,'Aktif','2026-06-17 07:48:15','2026-06-19 13:23:54'),
(5,'GUNUNG KAPAS','SAPA',1000.00,'Aktif','2026-06-17 07:48:15','2026-06-19 13:23:54'),
(6,'BATU KAPAL','SAPA',2500.00,'Aktif','2026-06-17 07:48:15','2026-06-19 13:23:54'),
(7,'TINEMBELAN','TOMBATU',300.00,'Aktif','2026-06-17 16:24:27','2026-06-17 16:24:27'),
(8,'WINOR','TOMBATU',400.00,'Aktif','2026-06-17 16:24:49','2026-06-17 16:24:49');
/*!40000 ALTER TABLE `kebuns` ENABLE KEYS */;
UNLOCK TABLES;

--
-- Table structure for table `migrations`
--

DROP TABLE IF EXISTS `migrations`;
/*!40101 SET @saved_cs_client     = @@character_set_client */;
/*!40101 SET character_set_client = utf8 */;
CREATE TABLE `migrations` (
  `id` int(10) unsigned NOT NULL AUTO_INCREMENT,
  `migration` varchar(255) NOT NULL,
  `batch` int(11) NOT NULL,
  PRIMARY KEY (`id`)
) ENGINE=InnoDB AUTO_INCREMENT=44 DEFAULT CHARSET=utf8mb4 COLLATE=utf8mb4_unicode_ci;
/*!40101 SET character_set_client = @saved_cs_client */;

--
-- Dumping data for table `migrations`
--

LOCK TABLES `migrations` WRITE;
/*!40000 ALTER TABLE `migrations` DISABLE KEYS */;
INSERT INTO `migrations` VALUES
(1,'0001_01_01_000000_create_users_table',1),
(2,'0001_01_01_000001_create_cache_table',1),
(3,'0001_01_01_000002_create_jobs_table',1),
(4,'2026_06_17_150930_create_kebuns_table',1),
(5,'2026_06_17_152200_create_karyawans_table',1),
(6,'2026_06_17_152600_remove_jumlah_blok_from_kebuns_table',1),
(7,'2026_06_17_153100_add_lokasi_to_karyawans_table',1),
(8,'2026_06_17_153720_create_absensis_table',2),
(9,'2026_06_18_001035_add_jabatan_to_absensis_table',3),
(10,'2026_06_18_002451_add_lokasi_to_absensis_table',4),
(11,'2026_06_18_003451_add_volume_to_absensis_table',5),
(12,'2026_06_19_125954_create_jabatans_table',6),
(13,'2026_06_19_125955_create_jabatan_karyawan_table',6),
(14,'2026_06_19_125956_migrate_data_and_drop_columns_from_karyawans',6),
(15,'2026_06_19_134454_change_volume_to_decimal_in_absensis_table',7),
(16,'2026_06_19_155859_create_pengajuans_table',8),
(17,'2026_06_19_155900_create_pengajuan_items_table',8),
(18,'2026_06_20_131852_create_pemakaian_b_b_m_s_table',9),
(19,'2026_06_20_131911_create_pengajuan_b_b_m_s_table',9),
(20,'2026_06_20_133241_create_pemakaian_b_b_m_items_table',9),
(21,'2026_06_20_133241_create_pengajuan_b_b_m_items_table',9),
(22,'2026_06_20_134156_add_kebun_id_to_bbm_tables',10),
(23,'2026_06_20_134635_add_karyawan_id_to_bbm_tables',11),
(24,'2026_06_20_135923_add_tanggal_to_bbm_items_table',12),
(25,'2026_06_20_140154_add_tipe_bbm_to_bbm_items_table',12),
(26,'2026_06_21_043208_add_kategori_to_pemakaian_bbm_table',13),
(27,'2026_06_21_051306_simplify_pengajuan_bbm_tables',13),
(28,'2026_06_21_060807_create_dokumentasi_harians_table',14),
(29,'2026_06_21_060822_create_dokumentasi_harian_images_table',14),
(30,'2026_06_21_065729_add_kebun_and_karyawan_to_dokumentasi_harians_table',14),
(31,'2026_06_21_071738_create_pengajuan_b_b_m_images_table',15),
(32,'2026_06_21_074054_create_pemakaian_b_b_m_images_table',16),
(33,'2026_06_21_090052_create_penggajians_table',17),
(34,'2026_06_21_090053_create_penggajian_details_table',17),
(35,'2026_06_21_095036_add_jabatan_to_penggajian_details_table',18),
(36,'2026_06_21_100530_add_tarifs_to_penggajians_table',19),
(37,'2026_06_21_103121_add_tarif_memaras_to_penggajians_table',20),
(38,'2026_06_21_105333_fix_momaras_mesin_typo_in_database',21),
(39,'2026_06_21_105823_create_dokumentasi_karyawan_table',22),
(40,'2026_06_21_114858_create_pengajuan_penggajians_table',23),
(41,'2026_06_21_114859_create_pengajuan_penggajian_items_table',23),
(42,'2026_06_21_131230_add_penggajian_id_to_pengajuan_penggajians_table',24),
(43,'2026_06_21_131318_create_bukti_kas_kebuns_table',24);
/*!40000 ALTER TABLE `migrations` ENABLE KEYS */;
UNLOCK TABLES;

--
-- Table structure for table `password_reset_tokens`
--

DROP TABLE IF EXISTS `password_reset_tokens`;
/*!40101 SET @saved_cs_client     = @@character_set_client */;
/*!40101 SET character_set_client = utf8 */;
CREATE TABLE `password_reset_tokens` (
  `email` varchar(255) NOT NULL,
  `token` varchar(255) NOT NULL,
  `created_at` timestamp NULL DEFAULT NULL,
  PRIMARY KEY (`email`)
) ENGINE=InnoDB DEFAULT CHARSET=utf8mb4 COLLATE=utf8mb4_unicode_ci;
/*!40101 SET character_set_client = @saved_cs_client */;

--
-- Dumping data for table `password_reset_tokens`
--

LOCK TABLES `password_reset_tokens` WRITE;
/*!40000 ALTER TABLE `password_reset_tokens` DISABLE KEYS */;
/*!40000 ALTER TABLE `password_reset_tokens` ENABLE KEYS */;
UNLOCK TABLES;

--
-- Table structure for table `pemakaian_b_b_m_images`
--

DROP TABLE IF EXISTS `pemakaian_b_b_m_images`;
/*!40101 SET @saved_cs_client     = @@character_set_client */;
/*!40101 SET character_set_client = utf8 */;
CREATE TABLE `pemakaian_b_b_m_images` (
  `id` bigint(20) unsigned NOT NULL AUTO_INCREMENT,
  `pemakaian_bbm_id` bigint(20) unsigned NOT NULL,
  `image_path` varchar(255) NOT NULL,
  `original_name` varchar(255) NOT NULL,
  `created_at` timestamp NULL DEFAULT NULL,
  `updated_at` timestamp NULL DEFAULT NULL,
  PRIMARY KEY (`id`),
  KEY `pemakaian_b_b_m_images_pemakaian_bbm_id_foreign` (`pemakaian_bbm_id`),
  CONSTRAINT `pemakaian_b_b_m_images_pemakaian_bbm_id_foreign` FOREIGN KEY (`pemakaian_bbm_id`) REFERENCES `pemakaian_bbm` (`id`) ON DELETE CASCADE
) ENGINE=InnoDB AUTO_INCREMENT=3 DEFAULT CHARSET=utf8mb4 COLLATE=utf8mb4_unicode_ci;
/*!40101 SET character_set_client = @saved_cs_client */;

--
-- Dumping data for table `pemakaian_b_b_m_images`
--

LOCK TABLES `pemakaian_b_b_m_images` WRITE;
/*!40000 ALTER TABLE `pemakaian_b_b_m_images` DISABLE KEYS */;
INSERT INTO `pemakaian_b_b_m_images` VALUES
(1,6,'pemakaian_bbm/cLy8z3tZQpTSQcPYs9c7GB3caXp9QpxiLQBBqMcJ.png','pasted-1782028186019.png','2026-06-21 07:49:51','2026-06-21 07:49:51'),
(2,7,'pemakaian_bbm/5Tnh0O2LbXqB30fiW7JtOqBS3PcjjgKV52NDFe1R.png','pasted-1782028224150.png','2026-06-21 07:50:33','2026-06-21 07:50:33');
/*!40000 ALTER TABLE `pemakaian_b_b_m_images` ENABLE KEYS */;
UNLOCK TABLES;

--
-- Table structure for table `pemakaian_bbm`
--

DROP TABLE IF EXISTS `pemakaian_bbm`;
/*!40101 SET @saved_cs_client     = @@character_set_client */;
/*!40101 SET character_set_client = utf8 */;
CREATE TABLE `pemakaian_bbm` (
  `id` bigint(20) unsigned NOT NULL AUTO_INCREMENT,
  `kategori` enum('Kebun','Sopir') NOT NULL DEFAULT 'Kebun',
  `kebun_id` bigint(20) unsigned DEFAULT NULL,
  `karyawan_id` bigint(20) unsigned DEFAULT NULL,
  `tanggal` date NOT NULL,
  `judul_laporan` varchar(255) NOT NULL,
  `keterangan` text DEFAULT NULL,
  `grand_total` decimal(15,2) NOT NULL DEFAULT 0.00,
  `created_at` timestamp NULL DEFAULT NULL,
  `updated_at` timestamp NULL DEFAULT NULL,
  PRIMARY KEY (`id`),
  KEY `pemakaian_bbm_kebun_id_foreign` (`kebun_id`),
  KEY `pemakaian_bbm_karyawan_id_foreign` (`karyawan_id`),
  CONSTRAINT `pemakaian_bbm_karyawan_id_foreign` FOREIGN KEY (`karyawan_id`) REFERENCES `karyawans` (`id`) ON DELETE SET NULL,
  CONSTRAINT `pemakaian_bbm_kebun_id_foreign` FOREIGN KEY (`kebun_id`) REFERENCES `kebuns` (`id`) ON DELETE SET NULL
) ENGINE=InnoDB AUTO_INCREMENT=8 DEFAULT CHARSET=utf8mb4 COLLATE=utf8mb4_unicode_ci;
/*!40101 SET character_set_client = @saved_cs_client */;

--
-- Dumping data for table `pemakaian_bbm`
--

LOCK TABLES `pemakaian_bbm` WRITE;
/*!40000 ALTER TABLE `pemakaian_bbm` DISABLE KEYS */;
INSERT INTO `pemakaian_bbm` VALUES
(2,'Kebun',3,48,'2026-06-15','Pengambilan BBM untuk kebun SAPA',NULL,429000.00,'2026-06-21 05:45:57','2026-06-21 06:06:02'),
(3,'Sopir',3,49,'2026-05-25','Pengambilan BBM untuk kebun SAPA','Muat kelapa',720000.00,'2026-06-21 06:30:48','2026-06-21 07:10:42'),
(4,'Sopir',3,49,'2026-06-03','Pengambilan BBM untuk kebun SAPA','Muat Kelapa',720000.00,'2026-06-21 07:03:40','2026-06-21 07:09:43'),
(5,'Sopir',3,49,'2026-06-10','Pengambilan BBM untuk kebun SAPA','Muat kelapa',555000.00,'2026-06-21 07:08:09','2026-06-21 07:08:53'),
(6,'Kebun',7,50,'2026-06-10','Pengambilan BBM untuk kebun WINOR',NULL,325000.00,'2026-06-21 07:46:14','2026-06-21 07:49:51'),
(7,'Kebun',7,50,'2026-06-11','Pengambilan BBM untuk kebun WINOR',NULL,325000.00,'2026-06-21 07:47:39','2026-06-21 07:50:33');
/*!40000 ALTER TABLE `pemakaian_bbm` ENABLE KEYS */;
UNLOCK TABLES;

--
-- Table structure for table `pemakaian_bbm_items`
--

DROP TABLE IF EXISTS `pemakaian_bbm_items`;
/*!40101 SET @saved_cs_client     = @@character_set_client */;
/*!40101 SET character_set_client = utf8 */;
CREATE TABLE `pemakaian_bbm_items` (
  `id` bigint(20) unsigned NOT NULL AUTO_INCREMENT,
  `pemakaian_bbm_id` bigint(20) unsigned NOT NULL,
  `tanggal` date DEFAULT NULL,
  `keterangan_pemakaian` varchar(255) NOT NULL,
  `tipe_bbm` enum('Solar','Pertalite') NOT NULL DEFAULT 'Solar',
  `jumlah_liter` decimal(8,2) NOT NULL,
  `harga_per_liter` decimal(15,2) NOT NULL,
  `total_harga` decimal(15,2) NOT NULL,
  `created_at` timestamp NULL DEFAULT NULL,
  `updated_at` timestamp NULL DEFAULT NULL,
  PRIMARY KEY (`id`),
  KEY `pemakaian_bbm_items_pemakaian_bbm_id_foreign` (`pemakaian_bbm_id`),
  CONSTRAINT `pemakaian_bbm_items_pemakaian_bbm_id_foreign` FOREIGN KEY (`pemakaian_bbm_id`) REFERENCES `pemakaian_bbm` (`id`) ON DELETE CASCADE
) ENGINE=InnoDB AUTO_INCREMENT=164 DEFAULT CHARSET=utf8mb4 COLLATE=utf8mb4_unicode_ci;
/*!40101 SET character_set_client = @saved_cs_client */;

--
-- Dumping data for table `pemakaian_bbm_items`
--

LOCK TABLES `pemakaian_bbm_items` WRITE;
/*!40000 ALTER TABLE `pemakaian_bbm_items` DISABLE KEYS */;
INSERT INTO `pemakaian_bbm_items` VALUES
(76,2,'2026-06-07','Motor kebun dan genset','Pertalite',2.00,13000.00,26000.00,'2026-06-21 06:06:02','2026-06-21 06:06:02'),
(77,2,'2026-06-07','Genset','Pertalite',3.00,13000.00,39000.00,'2026-06-21 06:06:02','2026-06-21 06:06:02'),
(78,2,'2026-06-08','Motor kebun','Pertalite',2.00,13000.00,26000.00,'2026-06-21 06:06:02','2026-06-21 06:06:02'),
(79,2,'2026-06-08','Genset','Pertalite',2.00,13000.00,26000.00,'2026-06-21 06:06:02','2026-06-21 06:06:02'),
(80,2,'2026-06-09','Motor kebun','Pertalite',2.00,13000.00,26000.00,'2026-06-21 06:06:02','2026-06-21 06:06:02'),
(81,2,'2026-06-09','Genset','Pertalite',2.00,13000.00,26000.00,'2026-06-21 06:06:02','2026-06-21 06:06:02'),
(82,2,'2026-06-10','Motor kebun','Pertalite',2.00,13000.00,26000.00,'2026-06-21 06:06:02','2026-06-21 06:06:02'),
(83,2,'2026-06-10','Genset','Pertalite',3.00,13000.00,39000.00,'2026-06-21 06:06:02','2026-06-21 06:06:02'),
(84,2,'2026-06-11','Motor kebun','Pertalite',2.00,13000.00,26000.00,'2026-06-21 06:06:02','2026-06-21 06:06:02'),
(85,2,'2026-06-11','Genset','Pertalite',3.00,13000.00,39000.00,'2026-06-21 06:06:02','2026-06-21 06:06:02'),
(86,2,'2026-06-12','Motor kebun','Pertalite',2.00,13000.00,26000.00,'2026-06-21 06:06:02','2026-06-21 06:06:02'),
(87,2,'2026-06-12','Genset','Pertalite',2.00,13000.00,26000.00,'2026-06-21 06:06:02','2026-06-21 06:06:02'),
(88,2,'2026-06-13','Motor kebun','Pertalite',2.00,13000.00,26000.00,'2026-06-21 06:06:02','2026-06-21 06:06:02'),
(89,2,'2026-06-13','Genset','Pertalite',2.00,13000.00,26000.00,'2026-06-21 06:06:02','2026-06-21 06:06:02'),
(90,2,'2026-06-15','Motor kebun','Pertalite',2.00,13000.00,26000.00,'2026-06-21 06:06:02','2026-06-21 06:06:02'),
(136,5,'2026-06-11','Rambo merah dan biru','Solar',7.00,15000.00,105000.00,'2026-06-21 07:08:53','2026-06-21 07:08:53'),
(137,5,'2026-06-12','Rambo merah dan biru','Solar',6.00,15000.00,90000.00,'2026-06-21 07:08:53','2026-06-21 07:08:53'),
(138,5,'2026-06-13','Rambo merah dan biru','Solar',8.00,15000.00,120000.00,'2026-06-21 07:08:53','2026-06-21 07:08:53'),
(139,5,'2026-06-15','Rambo merah dan biru','Solar',9.00,15000.00,135000.00,'2026-06-21 07:08:53','2026-06-21 07:08:53'),
(140,5,'2026-06-17','Rambo merah dan biru','Solar',7.00,15000.00,105000.00,'2026-06-21 07:08:53','2026-06-21 07:08:53'),
(141,4,'2026-06-03','Rambo merah dan biru','Solar',6.00,16000.00,96000.00,'2026-06-21 07:09:43','2026-06-21 07:09:43'),
(142,4,'2026-06-04','Rambo merah dan biru','Solar',8.00,16000.00,128000.00,'2026-06-21 07:09:43','2026-06-21 07:09:43'),
(143,4,'2026-06-05','Rambo merah dan biru','Solar',5.00,16000.00,80000.00,'2026-06-21 07:09:43','2026-06-21 07:09:43'),
(144,4,'2026-06-06','Rambo merah dan biru','Solar',7.00,16000.00,112000.00,'2026-06-21 07:09:43','2026-06-21 07:09:43'),
(145,4,'2026-06-08','Rambo merah dan biru','Solar',4.00,16000.00,64000.00,'2026-06-21 07:09:43','2026-06-21 07:09:43'),
(146,4,'2026-06-09','Rambo merah dan biru','Solar',8.00,16000.00,128000.00,'2026-06-21 07:09:43','2026-06-21 07:09:43'),
(147,4,'2026-06-10','Rambo merah dan biru','Solar',7.00,16000.00,112000.00,'2026-06-21 07:09:43','2026-06-21 07:09:43'),
(154,3,'2026-05-25','Rambo merah dan biru','Solar',8.00,16000.00,128000.00,'2026-06-21 07:10:42','2026-06-21 07:10:42'),
(155,3,'2026-05-26','Rambo merah dan biru','Solar',7.00,16000.00,112000.00,'2026-06-21 07:10:42','2026-06-21 07:10:42'),
(156,3,'2026-05-27','Rambo merah dan biru','Solar',7.00,16000.00,112000.00,'2026-06-21 07:10:42','2026-06-21 07:10:42'),
(157,3,'2026-05-29','Rambo merah dan biru','Solar',8.00,16000.00,128000.00,'2026-06-21 07:10:42','2026-06-21 07:10:42'),
(158,3,'2026-05-30','Rambo merah dan biru','Solar',6.00,16000.00,96000.00,'2026-06-21 07:10:42','2026-06-21 07:10:42'),
(159,3,'2026-06-01','Rambo merah dan biru','Solar',9.00,16000.00,144000.00,'2026-06-21 07:10:42','2026-06-21 07:10:42'),
(162,6,'2026-06-10','Kebun Winor','Pertalite',25.00,13000.00,325000.00,'2026-06-21 07:49:51','2026-06-21 07:49:51'),
(163,7,'2026-06-11','Kebun Winor','Pertalite',25.00,13000.00,325000.00,'2026-06-21 07:50:33','2026-06-21 07:50:33');
/*!40000 ALTER TABLE `pemakaian_bbm_items` ENABLE KEYS */;
UNLOCK TABLES;

--
-- Table structure for table `pengajuan_b_b_m_images`
--

DROP TABLE IF EXISTS `pengajuan_b_b_m_images`;
/*!40101 SET @saved_cs_client     = @@character_set_client */;
/*!40101 SET character_set_client = utf8 */;
CREATE TABLE `pengajuan_b_b_m_images` (
  `id` bigint(20) unsigned NOT NULL AUTO_INCREMENT,
  `pengajuan_bbm_id` bigint(20) unsigned NOT NULL,
  `image_path` varchar(255) NOT NULL,
  `created_at` timestamp NULL DEFAULT NULL,
  `updated_at` timestamp NULL DEFAULT NULL,
  PRIMARY KEY (`id`),
  KEY `pengajuan_b_b_m_images_pengajuan_bbm_id_foreign` (`pengajuan_bbm_id`),
  CONSTRAINT `pengajuan_b_b_m_images_pengajuan_bbm_id_foreign` FOREIGN KEY (`pengajuan_bbm_id`) REFERENCES `pengajuan_bbm` (`id`) ON DELETE CASCADE
) ENGINE=InnoDB AUTO_INCREMENT=3 DEFAULT CHARSET=utf8mb4 COLLATE=utf8mb4_unicode_ci;
/*!40101 SET character_set_client = @saved_cs_client */;

--
-- Dumping data for table `pengajuan_b_b_m_images`
--

LOCK TABLES `pengajuan_b_b_m_images` WRITE;
/*!40000 ALTER TABLE `pengajuan_b_b_m_images` DISABLE KEYS */;
INSERT INTO `pengajuan_b_b_m_images` VALUES
(1,2,'pengajuan_bbm/QK9c0frtxEolQJCdnF8czNDm8w5QkLuc9Hfs0YSl.png','2026-06-21 07:25:07','2026-06-21 07:25:07'),
(2,2,'pengajuan_bbm/XkuGDzcPtu2P67kcMMNcuQoqspX1goR1r0tMAXy0.png','2026-06-21 07:26:04','2026-06-21 07:26:04');
/*!40000 ALTER TABLE `pengajuan_b_b_m_images` ENABLE KEYS */;
UNLOCK TABLES;

--
-- Table structure for table `pengajuan_bbm`
--

DROP TABLE IF EXISTS `pengajuan_bbm`;
/*!40101 SET @saved_cs_client     = @@character_set_client */;
/*!40101 SET character_set_client = utf8 */;
CREATE TABLE `pengajuan_bbm` (
  `id` bigint(20) unsigned NOT NULL AUTO_INCREMENT,
  `kebun_id` bigint(20) unsigned DEFAULT NULL,
  `karyawan_id` bigint(20) unsigned DEFAULT NULL,
  `tanggal` date NOT NULL,
  `judul_pengajuan` varchar(255) NOT NULL,
  `keterangan` text DEFAULT NULL,
  `grand_total` decimal(15,2) NOT NULL DEFAULT 0.00,
  `status` enum('Pending','Disetujui','Ditolak') NOT NULL DEFAULT 'Pending',
  `created_at` timestamp NULL DEFAULT NULL,
  `updated_at` timestamp NULL DEFAULT NULL,
  `departemen` varchar(255) NOT NULL DEFAULT 'PERKEBUNAN',
  `perihal` varchar(255) NOT NULL DEFAULT 'Kebutuhan Biaya BBM',
  PRIMARY KEY (`id`),
  KEY `pengajuan_bbm_kebun_id_foreign` (`kebun_id`),
  KEY `pengajuan_bbm_karyawan_id_foreign` (`karyawan_id`),
  CONSTRAINT `pengajuan_bbm_karyawan_id_foreign` FOREIGN KEY (`karyawan_id`) REFERENCES `karyawans` (`id`) ON DELETE SET NULL,
  CONSTRAINT `pengajuan_bbm_kebun_id_foreign` FOREIGN KEY (`kebun_id`) REFERENCES `kebuns` (`id`) ON DELETE SET NULL
) ENGINE=InnoDB AUTO_INCREMENT=3 DEFAULT CHARSET=utf8mb4 COLLATE=utf8mb4_unicode_ci;
/*!40101 SET character_set_client = @saved_cs_client */;

--
-- Dumping data for table `pengajuan_bbm`
--

LOCK TABLES `pengajuan_bbm` WRITE;
/*!40000 ALTER TABLE `pengajuan_bbm` DISABLE KEYS */;
INSERT INTO `pengajuan_bbm` VALUES
(2,3,NULL,'2026-06-19','Pengajuan BBM',NULL,935000.00,'Pending','2026-06-21 07:14:19','2026-06-21 07:34:32','PERKEBUNAN','Kebutuhan Biaya BBM');
/*!40000 ALTER TABLE `pengajuan_bbm` ENABLE KEYS */;
UNLOCK TABLES;

--
-- Table structure for table `pengajuan_bbm_items`
--

DROP TABLE IF EXISTS `pengajuan_bbm_items`;
/*!40101 SET @saved_cs_client     = @@character_set_client */;
/*!40101 SET character_set_client = utf8 */;
CREATE TABLE `pengajuan_bbm_items` (
  `id` bigint(20) unsigned NOT NULL AUTO_INCREMENT,
  `pengajuan_bbm_id` bigint(20) unsigned NOT NULL,
  `tanggal` date DEFAULT NULL,
  `keterangan_pengajuan` varchar(255) NOT NULL,
  `tipe_bbm` varchar(255) DEFAULT NULL,
  `uraian` varchar(255) DEFAULT NULL,
  `jumlah_liter` decimal(10,2) DEFAULT NULL,
  `harga_per_liter` decimal(15,2) DEFAULT NULL,
  `total_harga` decimal(15,2) NOT NULL,
  `created_at` timestamp NULL DEFAULT NULL,
  `updated_at` timestamp NULL DEFAULT NULL,
  PRIMARY KEY (`id`),
  KEY `pengajuan_bbm_items_pengajuan_bbm_id_foreign` (`pengajuan_bbm_id`),
  CONSTRAINT `pengajuan_bbm_items_pengajuan_bbm_id_foreign` FOREIGN KEY (`pengajuan_bbm_id`) REFERENCES `pengajuan_bbm` (`id`) ON DELETE CASCADE
) ENGINE=InnoDB AUTO_INCREMENT=10 DEFAULT CHARSET=utf8mb4 COLLATE=utf8mb4_unicode_ci;
/*!40101 SET character_set_client = @saved_cs_client */;

--
-- Dumping data for table `pengajuan_bbm_items`
--

LOCK TABLES `pengajuan_bbm_items` WRITE;
/*!40000 ALTER TABLE `pengajuan_bbm_items` DISABLE KEYS */;
INSERT INTO `pengajuan_bbm_items` VALUES
(8,2,NULL,'MOTOR KEBUN DAN GENSET','Pertalite','PERTALITE 20.00 L',20.00,13000.00,260000.00,'2026-06-21 07:34:32','2026-06-21 07:34:32'),
(9,2,NULL,'RAMBO MERAH DAN BIRU','Solar','SOLAR 45.00 L',45.00,15000.00,675000.00,'2026-06-21 07:34:32','2026-06-21 07:34:32');
/*!40000 ALTER TABLE `pengajuan_bbm_items` ENABLE KEYS */;
UNLOCK TABLES;

--
-- Table structure for table `pengajuan_items`
--

DROP TABLE IF EXISTS `pengajuan_items`;
/*!40101 SET @saved_cs_client     = @@character_set_client */;
/*!40101 SET character_set_client = utf8 */;
CREATE TABLE `pengajuan_items` (
  `id` bigint(20) unsigned NOT NULL AUTO_INCREMENT,
  `pengajuan_id` bigint(20) unsigned NOT NULL,
  `nama_barang` varchar(255) NOT NULL,
  `qty` int(11) NOT NULL,
  `harga_satuan` decimal(15,2) NOT NULL,
  `total_harga` decimal(15,2) NOT NULL,
  `created_at` timestamp NULL DEFAULT NULL,
  `updated_at` timestamp NULL DEFAULT NULL,
  PRIMARY KEY (`id`),
  KEY `pengajuan_items_pengajuan_id_foreign` (`pengajuan_id`),
  CONSTRAINT `pengajuan_items_pengajuan_id_foreign` FOREIGN KEY (`pengajuan_id`) REFERENCES `pengajuans` (`id`) ON DELETE CASCADE
) ENGINE=InnoDB AUTO_INCREMENT=23 DEFAULT CHARSET=utf8mb4 COLLATE=utf8mb4_unicode_ci;
/*!40101 SET character_set_client = @saved_cs_client */;

--
-- Dumping data for table `pengajuan_items`
--

LOCK TABLES `pengajuan_items` WRITE;
/*!40000 ALTER TABLE `pengajuan_items` DISABLE KEYS */;
INSERT INTO `pengajuan_items` VALUES
(12,1,'Felton Pail',2,69000.00,138000.00,'2026-06-20 06:49:53','2026-06-20 06:49:53'),
(13,1,'Greenleaf Silva Step Dustbin',2,58000.00,116000.00,'2026-06-20 06:49:53','2026-06-20 06:49:53'),
(14,1,'Mila Water Tub',2,10000.00,20000.00,'2026-06-20 06:49:53','2026-06-20 06:49:53'),
(15,1,'Facial Tissue',2,8000.00,16000.00,'2026-06-20 06:49:53','2026-06-20 06:49:53'),
(16,1,'Ciptadent',2,14200.00,28400.00,'2026-06-20 06:49:53','2026-06-20 06:49:53'),
(17,1,'Sunlight',2,13900.00,27800.00,'2026-06-20 06:49:53','2026-06-20 06:49:53'),
(18,1,'Sabun Mandi Zee',1,17100.00,17100.00,'2026-06-20 06:49:53','2026-06-20 06:49:53'),
(19,1,'Sampo Zinc',2,25500.00,51000.00,'2026-06-20 06:49:53','2026-06-20 06:49:53'),
(20,1,'Sikat Gigi Formula',1,13900.00,13900.00,'2026-06-20 06:49:53','2026-06-20 06:49:53'),
(22,2,'VOUCHER WiFi',20,15000.00,300000.00,'2026-06-22 06:34:20','2026-06-22 06:34:20');
/*!40000 ALTER TABLE `pengajuan_items` ENABLE KEYS */;
UNLOCK TABLES;

--
-- Table structure for table `pengajuan_penggajian_items`
--

DROP TABLE IF EXISTS `pengajuan_penggajian_items`;
/*!40101 SET @saved_cs_client     = @@character_set_client */;
/*!40101 SET character_set_client = utf8 */;
CREATE TABLE `pengajuan_penggajian_items` (
  `id` bigint(20) unsigned NOT NULL AUTO_INCREMENT,
  `pengajuan_penggajian_id` bigint(20) unsigned NOT NULL,
  `uraian` varchar(255) NOT NULL,
  `banyak_unit` decimal(10,2) DEFAULT NULL,
  `harga_satuan` decimal(15,2) DEFAULT NULL,
  `total_harga` decimal(15,2) NOT NULL DEFAULT 0.00,
  `keterangan` varchar(255) DEFAULT NULL,
  `created_at` timestamp NULL DEFAULT NULL,
  `updated_at` timestamp NULL DEFAULT NULL,
  PRIMARY KEY (`id`),
  KEY `pengajuan_penggajian_items_pengajuan_penggajian_id_foreign` (`pengajuan_penggajian_id`),
  CONSTRAINT `pengajuan_penggajian_items_pengajuan_penggajian_id_foreign` FOREIGN KEY (`pengajuan_penggajian_id`) REFERENCES `pengajuan_penggajians` (`id`) ON DELETE CASCADE
) ENGINE=InnoDB AUTO_INCREMENT=9 DEFAULT CHARSET=utf8mb4 COLLATE=utf8mb4_unicode_ci;
/*!40101 SET character_set_client = @saved_cs_client */;

--
-- Dumping data for table `pengajuan_penggajian_items`
--

LOCK TABLES `pengajuan_penggajian_items` WRITE;
/*!40000 ALTER TABLE `pengajuan_penggajian_items` DISABLE KEYS */;
INSERT INTO `pengajuan_penggajian_items` VALUES
(1,1,'UPAH PEKERJA PER 08 JUN 2026 S/D 13 JUN 2026',NULL,NULL,16702000.00,NULL,'2026-06-21 12:22:10','2026-06-21 12:22:10'),
(3,3,'UPAH PEKERJA PER 08 JUN 2026 S/D 13 JUN 2026',NULL,NULL,20108800.00,'Upah Harian - Harian Kumpul, Upah Harian - Memaras Mesin, Upah Harian - Penjemur Cengkeh, Upah Borongan - Pemanjat Kelapa, Upah Borongan - Kupas Kelapa, Upah Borongan - Pemetik Cengkeh','2026-06-21 12:32:56','2026-06-21 12:32:56'),
(5,4,'UPAH PEKERJA PER 08 JUN 2026 S/D 13 JUN 2026',NULL,NULL,3116000.00,'Upah Harian - Harian Kumpul, Upah Kupas Kelapa - Harian Kumpul','2026-06-21 15:02:21','2026-06-21 15:02:21'),
(6,5,'UPAH PEKERJA PER 08 JUN 2026 S/D 13 JUN 2026',NULL,NULL,20108800.00,'Upah Harian - Harian Kumpul, Upah Harian - Memaras Mesin, Upah Harian - Penjemur Cengkeh, Upah Borongan - Pemanjat Kelapa, Upah Borongan - Kupas Kelapa, Upah Borongan - Pemetik Cengkeh','2026-06-21 15:04:57','2026-06-21 15:04:57'),
(7,6,'UPAH PEKERJA PER 15 JUN 2026 S/D 20 JUN 2026',NULL,NULL,5875000.00,'Upah Harian - Memaras Mesin, Upah Harian - Harian Kumpul','2026-06-22 06:20:17','2026-06-22 06:20:17'),
(8,7,'UPAH PEKERJA PER 15 JUN 2026 S/D 20 JUN 2026',NULL,NULL,1500000.00,'Upah Harian - Harian Kumpul','2026-06-22 08:13:58','2026-06-22 08:13:58');
/*!40000 ALTER TABLE `pengajuan_penggajian_items` ENABLE KEYS */;
UNLOCK TABLES;

--
-- Table structure for table `pengajuan_penggajians`
--

DROP TABLE IF EXISTS `pengajuan_penggajians`;
/*!40101 SET @saved_cs_client     = @@character_set_client */;
/*!40101 SET character_set_client = utf8 */;
CREATE TABLE `pengajuan_penggajians` (
  `id` bigint(20) unsigned NOT NULL AUTO_INCREMENT,
  `tanggal` date NOT NULL,
  `no_dokumen` varchar(255) DEFAULT NULL,
  `disahkan_tgl` date DEFAULT NULL,
  `berlaku_tgl` date DEFAULT NULL,
  `revisi` varchar(255) DEFAULT '0',
  `kebun_id` bigint(20) unsigned DEFAULT NULL,
  `penggajian_id` bigint(20) unsigned DEFAULT NULL,
  `perihal` varchar(255) DEFAULT NULL,
  `grand_total` decimal(15,2) NOT NULL DEFAULT 0.00,
  `status` enum('Menunggu','Disetujui','Ditolak') NOT NULL DEFAULT 'Menunggu',
  `created_at` timestamp NULL DEFAULT NULL,
  `updated_at` timestamp NULL DEFAULT NULL,
  PRIMARY KEY (`id`),
  KEY `pengajuan_penggajians_kebun_id_foreign` (`kebun_id`),
  KEY `pengajuan_penggajians_penggajian_id_foreign` (`penggajian_id`),
  CONSTRAINT `pengajuan_penggajians_kebun_id_foreign` FOREIGN KEY (`kebun_id`) REFERENCES `kebuns` (`id`) ON DELETE SET NULL,
  CONSTRAINT `pengajuan_penggajians_penggajian_id_foreign` FOREIGN KEY (`penggajian_id`) REFERENCES `penggajians` (`id`) ON DELETE SET NULL
) ENGINE=InnoDB AUTO_INCREMENT=8 DEFAULT CHARSET=utf8mb4 COLLATE=utf8mb4_unicode_ci;
/*!40101 SET character_set_client = @saved_cs_client */;

--
-- Dumping data for table `pengajuan_penggajians`
--

LOCK TABLES `pengajuan_penggajians` WRITE;
/*!40000 ALTER TABLE `pengajuan_penggajians` DISABLE KEYS */;
INSERT INTO `pengajuan_penggajians` VALUES
(1,'2026-06-16','077/TMC-PERKEBUNAN/VI/2026','2026-06-16','2026-06-16','0',3,NULL,'Kebutuhan Biaya Upah',16702000.00,'Disetujui','2026-06-21 12:22:10','2026-06-21 13:21:46'),
(3,'2026-06-21','077/TMC-PERKEBUNAN/VI/2026','2026-06-21','2026-06-21','0',3,NULL,'Kebutuhan Biaya Upah',20108800.00,'Disetujui','2026-06-21 12:32:56','2026-06-21 13:33:17'),
(4,'2026-06-21','077/TMC-PERKEBUNAN/VI/2026','2026-06-21','2026-06-21','0',3,2,'Kebutuhan Biaya Upah',3116000.00,'Disetujui','2026-06-21 15:02:21','2026-06-21 15:02:34'),
(5,'2026-06-21','077/TMC-PERKEBUNAN/VI/2026','2026-06-21','2026-06-21','0',3,6,'Kebutuhan Biaya Upah',20108800.00,'Disetujui','2026-06-21 15:04:57','2026-06-21 15:05:09'),
(6,'2026-06-22','/TMC-PERKEBUNAN/VI/2026','2026-06-22','2026-06-22','0',7,9,'Kebutuhan Biaya Upah Kebun Tombatu Winor dan Tinembelan',5875000.00,'Menunggu','2026-06-22 06:20:17','2026-06-22 06:20:17'),
(7,'2026-06-22','/TMC-PERKEBUNAN/VI/2026','2026-06-22','2026-06-22','0',1,10,'Kebutuhan Biaya Upah',1500000.00,'Menunggu','2026-06-22 08:13:58','2026-06-22 08:13:58');
/*!40000 ALTER TABLE `pengajuan_penggajians` ENABLE KEYS */;
UNLOCK TABLES;

--
-- Table structure for table `pengajuans`
--

DROP TABLE IF EXISTS `pengajuans`;
/*!40101 SET @saved_cs_client     = @@character_set_client */;
/*!40101 SET character_set_client = utf8 */;
CREATE TABLE `pengajuans` (
  `id` bigint(20) unsigned NOT NULL AUTO_INCREMENT,
  `tanggal` date NOT NULL,
  `judul_pengajuan` varchar(255) NOT NULL,
  `keterangan` text DEFAULT NULL,
  `status` varchar(255) NOT NULL DEFAULT 'Menunggu',
  `grand_total` decimal(15,2) NOT NULL DEFAULT 0.00,
  `created_at` timestamp NULL DEFAULT NULL,
  `updated_at` timestamp NULL DEFAULT NULL,
  PRIMARY KEY (`id`)
) ENGINE=InnoDB AUTO_INCREMENT=3 DEFAULT CHARSET=utf8mb4 COLLATE=utf8mb4_unicode_ci;
/*!40101 SET character_set_client = @saved_cs_client */;

--
-- Dumping data for table `pengajuans`
--

LOCK TABLES `pengajuans` WRITE;
/*!40000 ALTER TABLE `pengajuans` DISABLE KEYS */;
INSERT INTO `pengajuans` VALUES
(1,'2026-06-18','Pengajuan Keperluan Tamu India di Kos',NULL,'Menunggu',428200.00,'2026-06-19 16:14:19','2026-06-20 06:49:53'),
(2,'2026-06-22','Pengajuan Voucher WiFi untuk keperluan tamu (india)','Untuk pekerjaan perusahaan','Menunggu',300000.00,'2026-06-19 16:30:08','2026-06-22 06:34:20');
/*!40000 ALTER TABLE `pengajuans` ENABLE KEYS */;
UNLOCK TABLES;

--
-- Table structure for table `penggajian_details`
--

DROP TABLE IF EXISTS `penggajian_details`;
/*!40101 SET @saved_cs_client     = @@character_set_client */;
/*!40101 SET character_set_client = utf8 */;
CREATE TABLE `penggajian_details` (
  `id` bigint(20) unsigned NOT NULL AUTO_INCREMENT,
  `penggajian_id` bigint(20) unsigned NOT NULL,
  `karyawan_id` bigint(20) unsigned NOT NULL,
  `nama_karyawan` varchar(255) NOT NULL,
  `jabatan` varchar(255) DEFAULT NULL,
  `tipe_pekerjaan` varchar(255) NOT NULL,
  `jumlah_hari_kerja` int(11) NOT NULL DEFAULT 0,
  `jumlah_volume` decimal(10,2) NOT NULL DEFAULT 0.00,
  `total_upah` decimal(15,2) NOT NULL DEFAULT 0.00,
  `rincian_harian` longtext CHARACTER SET utf8mb4 COLLATE utf8mb4_bin DEFAULT NULL CHECK (json_valid(`rincian_harian`)),
  `created_at` timestamp NULL DEFAULT NULL,
  `updated_at` timestamp NULL DEFAULT NULL,
  PRIMARY KEY (`id`)
) ENGINE=InnoDB AUTO_INCREMENT=153 DEFAULT CHARSET=utf8mb4 COLLATE=utf8mb4_unicode_ci;
/*!40101 SET character_set_client = @saved_cs_client */;

--
-- Dumping data for table `penggajian_details`
--

LOCK TABLES `penggajian_details` WRITE;
/*!40000 ALTER TABLE `penggajian_details` DISABLE KEYS */;
INSERT INTO `penggajian_details` VALUES
(1,1,22,'Yanto Runtuwene',NULL,'Harian',3,0.00,375000.00,'{\"2026-06-09\":\"V\",\"2026-06-11\":\"V\",\"2026-06-13\":\"V\"}','2026-06-21 09:15:22','2026-06-21 09:15:22'),
(2,1,17,'Riski Panigoro',NULL,'Harian',6,0.00,750000.00,'{\"2026-06-08\":\"V\",\"2026-06-09\":\"V\",\"2026-06-10\":\"V\",\"2026-06-11\":\"V\",\"2026-06-12\":\"V\",\"2026-06-13\":\"V\"}','2026-06-21 09:15:22','2026-06-21 09:15:22'),
(3,1,18,'Niko Labulango',NULL,'Harian',6,0.00,750000.00,'{\"2026-06-08\":\"V\",\"2026-06-09\":\"V\",\"2026-06-10\":\"V\",\"2026-06-11\":\"V\",\"2026-06-12\":\"V\",\"2026-06-13\":\"V\"}','2026-06-21 09:15:22','2026-06-21 09:15:22'),
(4,1,19,'Flandi Rembet',NULL,'Harian',2,0.00,250000.00,'{\"2026-06-09\":\"V\",\"2026-06-12\":\"V\"}','2026-06-21 09:15:22','2026-06-21 09:15:22'),
(5,1,21,'Juan Rembet',NULL,'Harian',2,0.00,250000.00,'{\"2026-06-10\":\"V\",\"2026-06-12\":\"V\"}','2026-06-21 09:15:22','2026-06-21 09:15:22'),
(6,1,20,'Marlo Rembet',NULL,'Harian',3,0.00,375000.00,'{\"2026-06-09\":\"V\",\"2026-06-10\":\"V\",\"2026-06-12\":\"V\"}','2026-06-21 09:15:22','2026-06-21 09:15:22'),
(7,2,22,'Yanto Runtuwene',NULL,'Harian',3,0.00,375000.00,'{\"2026-06-09\":\"V\",\"2026-06-11\":\"V\",\"2026-06-13\":\"V\"}','2026-06-21 09:25:16','2026-06-21 09:25:16'),
(8,2,17,'Riski Panigoro',NULL,'Harian',6,0.00,750000.00,'{\"2026-06-08\":\"V\",\"2026-06-09\":\"V\",\"2026-06-10\":\"V\",\"2026-06-11\":\"V\",\"2026-06-12\":\"V\",\"2026-06-13\":\"V\"}','2026-06-21 09:25:16','2026-06-21 09:25:16'),
(9,2,18,'Niko Labulango',NULL,'Harian',6,0.00,750000.00,'{\"2026-06-08\":\"V\",\"2026-06-09\":\"V\",\"2026-06-10\":\"V\",\"2026-06-11\":\"V\",\"2026-06-12\":\"V\",\"2026-06-13\":\"V\"}','2026-06-21 09:25:16','2026-06-21 09:25:16'),
(10,2,19,'Flandi Rembet',NULL,'Harian',2,0.00,250000.00,'{\"2026-06-09\":\"V\",\"2026-06-12\":\"V\"}','2026-06-21 09:25:16','2026-06-21 09:25:16'),
(11,2,21,'Juan Rembet',NULL,'Harian',2,0.00,250000.00,'{\"2026-06-10\":\"V\",\"2026-06-12\":\"V\"}','2026-06-21 09:25:16','2026-06-21 09:25:16'),
(12,2,20,'Marlo Rembet',NULL,'Harian',3,0.00,375000.00,'{\"2026-06-09\":\"V\",\"2026-06-10\":\"V\",\"2026-06-12\":\"V\"}','2026-06-21 09:25:16','2026-06-21 09:25:16'),
(13,2,22,'Yanto Runtuwene',NULL,'Kupas Kelapa',0,1830.00,366000.00,'{\"2026-06-10\":\"1830.00\"}','2026-06-21 09:25:16','2026-06-21 09:25:16'),
(14,3,1,'Jhon Bantu',NULL,'Harian',6,0.00,750000.00,'{\"2026-06-08\":\"V\",\"2026-06-09\":\"V\",\"2026-06-10\":\"V\",\"2026-06-11\":\"V\",\"2026-06-12\":\"V\",\"2026-06-13\":\"V\"}','2026-06-21 09:46:58','2026-06-21 09:46:58'),
(15,3,12,'Freddy Ottay',NULL,'Harian',5,0.00,625000.00,'{\"2026-06-08\":\"V\",\"2026-06-09\":\"V\",\"2026-06-10\":\"V\",\"2026-06-11\":\"V\",\"2026-06-12\":\"V\"}','2026-06-21 09:46:58','2026-06-21 09:46:58'),
(16,3,6,'Anton Ambalao',NULL,'Harian',5,0.00,625000.00,'{\"2026-06-08\":\"V\",\"2026-06-09\":\"V\",\"2026-06-10\":\"V\",\"2026-06-11\":\"V\",\"2026-06-13\":\"V\"}','2026-06-21 09:46:58','2026-06-21 09:46:58'),
(17,3,13,'Jolly Erung',NULL,'Harian',5,0.00,625000.00,'{\"2026-06-08\":\"V\",\"2026-06-09\":\"V\",\"2026-06-10\":\"V\",\"2026-06-11\":\"V\",\"2026-06-12\":\"V\"}','2026-06-21 09:46:58','2026-06-21 09:46:58'),
(18,3,15,'Rinaldy Lohodandel',NULL,'Harian',1,0.00,125000.00,'{\"2026-06-08\":\"V\"}','2026-06-21 09:46:58','2026-06-21 09:46:58'),
(19,3,5,'Maxi Tenda',NULL,'Harian',6,0.00,750000.00,'{\"2026-06-08\":\"V\",\"2026-06-09\":\"V\",\"2026-06-10\":\"V\",\"2026-06-11\":\"V\",\"2026-06-12\":\"V\",\"2026-06-13\":\"V\"}','2026-06-21 09:46:58','2026-06-21 09:46:58'),
(20,3,30,'Mirando Danuwu',NULL,'Harian',3,0.00,375000.00,'{\"2026-06-08\":\"V\",\"2026-06-10\":\"V\",\"2026-06-12\":\"V\"}','2026-06-21 09:46:58','2026-06-21 09:46:58'),
(21,3,31,'Joan Sinaulan',NULL,'Harian',4,0.00,500000.00,'{\"2026-06-08\":\"V\",\"2026-06-09\":\"V\",\"2026-06-11\":\"V\",\"2026-06-12\":\"V\"}','2026-06-21 09:46:58','2026-06-21 09:46:58'),
(22,3,32,'Meydi Egeten',NULL,'Harian',3,0.00,375000.00,'{\"2026-06-08\":\"V\",\"2026-06-09\":\"V\",\"2026-06-11\":\"V\"}','2026-06-21 09:46:58','2026-06-21 09:46:58'),
(23,3,33,'Brian Sigar',NULL,'Harian',5,0.00,625000.00,'{\"2026-06-08\":\"V\",\"2026-06-09\":\"V\",\"2026-06-10\":\"V\",\"2026-06-11\":\"V\",\"2026-06-12\":\"V\"}','2026-06-21 09:46:58','2026-06-21 09:46:58'),
(24,3,34,'Ridel Warokka',NULL,'Harian',5,0.00,625000.00,'{\"2026-06-08\":\"V\",\"2026-06-09\":\"V\",\"2026-06-10\":\"V\",\"2026-06-11\":\"V\",\"2026-06-12\":\"V\"}','2026-06-21 09:46:58','2026-06-21 09:46:58'),
(25,3,2,'Juanda Durandt',NULL,'Harian',4,0.00,500000.00,'{\"2026-06-10\":\"V\",\"2026-06-11\":\"V\",\"2026-06-12\":\"V\",\"2026-06-13\":\"V\"}','2026-06-21 09:46:58','2026-06-21 09:46:58'),
(26,3,3,'Adriana Maligoge',NULL,'Harian',5,0.00,625000.00,'{\"2026-06-09\":\"V\",\"2026-06-10\":\"V\",\"2026-06-11\":\"V\",\"2026-06-12\":\"V\",\"2026-06-13\":\"V\"}','2026-06-21 09:46:58','2026-06-21 09:46:58'),
(27,3,4,'Ivon Purnama',NULL,'Harian',4,0.00,500000.00,'{\"2026-06-10\":\"V\",\"2026-06-11\":\"V\",\"2026-06-12\":\"V\",\"2026-06-13\":\"V\"}','2026-06-21 09:46:58','2026-06-21 09:46:58'),
(28,3,14,'Simon Sasela',NULL,'Harian',4,0.00,500000.00,'{\"2026-06-09\":\"V\",\"2026-06-10\":\"V\",\"2026-06-11\":\"V\",\"2026-06-12\":\"V\"}','2026-06-21 09:46:58','2026-06-21 09:46:58'),
(29,3,16,'Fanly Palit',NULL,'Harian',4,0.00,500000.00,'{\"2026-06-09\":\"V\",\"2026-06-10\":\"V\",\"2026-06-11\":\"V\",\"2026-06-12\":\"V\"}','2026-06-21 09:46:58','2026-06-21 09:46:58'),
(30,3,7,'Maykel Martin',NULL,'Harian',4,0.00,500000.00,'{\"2026-06-10\":\"V\",\"2026-06-11\":\"V\",\"2026-06-12\":\"V\",\"2026-06-13\":\"V\"}','2026-06-21 09:46:58','2026-06-21 09:46:58'),
(31,3,8,'Frendy Bantu',NULL,'Kupas Kelapa',0,6963.00,1392600.00,'{\"2026-06-08\":\"1513.00\",\"2026-06-09\":\"1100.00\",\"2026-06-10\":\"1000.00\",\"2026-06-11\":\"1100.00\",\"2026-06-12\":\"1200.00\",\"2026-06-13\":\"1050.00\"}','2026-06-21 09:46:58','2026-06-21 09:46:58'),
(32,3,11,'Ruslan Latupo',NULL,'Kupas Kelapa',0,3042.00,608400.00,'{\"2026-06-08\":\"900.00\",\"2026-06-09\":\"1300.00\",\"2026-06-10\":\"842.00\"}','2026-06-21 09:46:58','2026-06-21 09:46:58'),
(33,3,10,'Alfa Durandt',NULL,'Kupas Kelapa',0,3480.00,696000.00,'{\"2026-06-08\":\"1000.00\",\"2026-06-09\":\"1650.00\",\"2026-06-10\":\"830.00\"}','2026-06-21 09:46:58','2026-06-21 09:46:58'),
(34,3,9,'Noval Durandt',NULL,'Kupas Kelapa',0,5104.00,1020800.00,'{\"2026-06-09\":\"1100.00\",\"2026-06-10\":\"904.00\",\"2026-06-11\":\"1150.00\",\"2026-06-12\":\"1050.00\",\"2026-06-13\":\"900.00\"}','2026-06-21 09:46:58','2026-06-21 09:46:58'),
(35,4,1,'Jhon Bantu',NULL,'Harian',6,0.00,750000.00,'{\"2026-06-08\":\"V\",\"2026-06-09\":\"V\",\"2026-06-10\":\"V\",\"2026-06-11\":\"V\",\"2026-06-12\":\"V\",\"2026-06-13\":\"V\"}','2026-06-21 10:01:46','2026-06-21 10:23:24'),
(36,4,12,'Freddy Ottay',NULL,'Harian',5,0.00,625000.00,'{\"2026-06-08\":\"V\",\"2026-06-09\":\"V\",\"2026-06-10\":\"V\",\"2026-06-11\":\"V\",\"2026-06-12\":\"V\"}','2026-06-21 10:01:46','2026-06-21 10:23:24'),
(37,4,6,'Anton Ambalao',NULL,'Harian',5,0.00,625000.00,'{\"2026-06-08\":\"V\",\"2026-06-09\":\"V\",\"2026-06-10\":\"V\",\"2026-06-11\":\"V\",\"2026-06-13\":\"V\"}','2026-06-21 10:01:46','2026-06-21 10:23:24'),
(38,4,13,'Jolly Erung',NULL,'Harian',5,0.00,625000.00,'{\"2026-06-08\":\"V\",\"2026-06-09\":\"V\",\"2026-06-10\":\"V\",\"2026-06-11\":\"V\",\"2026-06-12\":\"V\"}','2026-06-21 10:01:46','2026-06-21 10:23:24'),
(39,4,15,'Rinaldy Lohodandel',NULL,'Harian',1,0.00,125000.00,'{\"2026-06-08\":\"V\"}','2026-06-21 10:01:46','2026-06-21 10:23:24'),
(40,4,5,'Maxi Tenda',NULL,'Harian',6,0.00,750000.00,'{\"2026-06-08\":\"V\",\"2026-06-09\":\"V\",\"2026-06-10\":\"V\",\"2026-06-11\":\"V\",\"2026-06-12\":\"V\",\"2026-06-13\":\"V\"}','2026-06-21 10:01:46','2026-06-21 10:23:24'),
(41,4,30,'Mirando Danuwu',NULL,'Harian',3,0.00,375000.00,'{\"2026-06-08\":\"V\",\"2026-06-10\":\"V\",\"2026-06-12\":\"V\"}','2026-06-21 10:01:46','2026-06-21 10:23:24'),
(42,4,31,'Joan Sinaulan',NULL,'Harian',4,0.00,500000.00,'{\"2026-06-08\":\"V\",\"2026-06-09\":\"V\",\"2026-06-11\":\"V\",\"2026-06-12\":\"V\"}','2026-06-21 10:01:46','2026-06-21 10:23:24'),
(43,4,32,'Meydi Egeten',NULL,'Harian',3,0.00,375000.00,'{\"2026-06-08\":\"V\",\"2026-06-09\":\"V\",\"2026-06-11\":\"V\"}','2026-06-21 10:01:46','2026-06-21 10:23:24'),
(44,4,33,'Brian Sigar',NULL,'Harian',5,0.00,625000.00,'{\"2026-06-08\":\"V\",\"2026-06-09\":\"V\",\"2026-06-10\":\"V\",\"2026-06-11\":\"V\",\"2026-06-12\":\"V\"}','2026-06-21 10:01:46','2026-06-21 10:23:24'),
(45,4,34,'Ridel Warokka',NULL,'Harian',5,0.00,625000.00,'{\"2026-06-08\":\"V\",\"2026-06-09\":\"V\",\"2026-06-10\":\"V\",\"2026-06-11\":\"V\",\"2026-06-12\":\"V\"}','2026-06-21 10:01:46','2026-06-21 10:23:24'),
(46,4,2,'Juanda Durandt',NULL,'Harian',4,0.00,500000.00,'{\"2026-06-10\":\"V\",\"2026-06-11\":\"V\",\"2026-06-12\":\"V\",\"2026-06-13\":\"V\"}','2026-06-21 10:01:46','2026-06-21 10:23:24'),
(47,4,3,'Adriana Maligoge',NULL,'Harian',5,0.00,625000.00,'{\"2026-06-09\":\"V\",\"2026-06-10\":\"V\",\"2026-06-11\":\"V\",\"2026-06-12\":\"V\",\"2026-06-13\":\"V\"}','2026-06-21 10:01:46','2026-06-21 10:23:24'),
(48,4,4,'Ivon Purnama',NULL,'Harian',4,0.00,500000.00,'{\"2026-06-10\":\"V\",\"2026-06-11\":\"V\",\"2026-06-12\":\"V\",\"2026-06-13\":\"V\"}','2026-06-21 10:01:46','2026-06-21 10:23:24'),
(49,4,14,'Simon Sasela',NULL,'Harian',4,0.00,500000.00,'{\"2026-06-09\":\"V\",\"2026-06-10\":\"V\",\"2026-06-11\":\"V\",\"2026-06-12\":\"V\"}','2026-06-21 10:01:46','2026-06-21 10:23:24'),
(50,4,16,'Fanly Palit',NULL,'Harian',4,0.00,500000.00,'{\"2026-06-09\":\"V\",\"2026-06-10\":\"V\",\"2026-06-11\":\"V\",\"2026-06-12\":\"V\"}','2026-06-21 10:01:46','2026-06-21 10:23:24'),
(51,4,7,'Maykel Martin',NULL,'Harian',4,0.00,500000.00,'{\"2026-06-10\":\"V\",\"2026-06-11\":\"V\",\"2026-06-12\":\"V\",\"2026-06-13\":\"V\"}','2026-06-21 10:01:46','2026-06-21 10:23:24'),
(52,4,8,'Frendy Bantu',NULL,'Kupas Kelapa',0,6963.00,1392600.00,'{\"2026-06-08\":\"1513.00\",\"2026-06-09\":\"1100.00\",\"2026-06-10\":\"1000.00\",\"2026-06-11\":\"1100.00\",\"2026-06-12\":\"1200.00\",\"2026-06-13\":\"1050.00\"}','2026-06-21 10:01:46','2026-06-21 10:01:46'),
(53,4,11,'Ruslan Latupo',NULL,'Kupas Kelapa',0,3042.00,608400.00,'{\"2026-06-08\":\"900.00\",\"2026-06-09\":\"1300.00\",\"2026-06-10\":\"842.00\"}','2026-06-21 10:01:46','2026-06-21 10:01:46'),
(54,4,10,'Alfa Durandt',NULL,'Kupas Kelapa',0,3480.00,696000.00,'{\"2026-06-08\":\"1000.00\",\"2026-06-09\":\"1650.00\",\"2026-06-10\":\"830.00\"}','2026-06-21 10:01:46','2026-06-21 10:01:46'),
(55,4,9,'Noval Durandt',NULL,'Kupas Kelapa',0,5104.00,1020800.00,'{\"2026-06-09\":\"1100.00\",\"2026-06-10\":\"904.00\",\"2026-06-11\":\"1150.00\",\"2026-06-12\":\"1050.00\",\"2026-06-13\":\"900.00\"}','2026-06-21 10:01:46','2026-06-21 10:01:46'),
(56,5,1,'Jhon Bantu',NULL,'Harian',6,0.00,750000.00,'{\"2026-06-08\":\"V\",\"2026-06-09\":\"V\",\"2026-06-10\":\"V\",\"2026-06-11\":\"V\",\"2026-06-12\":\"V\",\"2026-06-13\":\"V\"}','2026-06-21 10:24:27','2026-06-21 10:24:27'),
(57,5,6,'Anton Ambalao',NULL,'Harian',5,0.00,625000.00,'{\"2026-06-08\":\"V\",\"2026-06-09\":\"V\",\"2026-06-10\":\"V\",\"2026-06-11\":\"V\",\"2026-06-13\":\"V\"}','2026-06-21 10:24:27','2026-06-21 10:24:27'),
(58,5,5,'Maxi Tenda',NULL,'Harian',6,0.00,750000.00,'{\"2026-06-08\":\"V\",\"2026-06-09\":\"V\",\"2026-06-10\":\"V\",\"2026-06-11\":\"V\",\"2026-06-12\":\"V\",\"2026-06-13\":\"V\"}','2026-06-21 10:24:27','2026-06-21 10:24:27'),
(59,5,33,'Brian Sigar',NULL,'Harian',5,0.00,625000.00,'{\"2026-06-08\":\"V\",\"2026-06-09\":\"V\",\"2026-06-10\":\"V\",\"2026-06-11\":\"V\",\"2026-06-12\":\"V\"}','2026-06-21 10:24:27','2026-06-21 10:24:27'),
(60,5,34,'Ridel Warokka',NULL,'Harian',5,0.00,625000.00,'{\"2026-06-08\":\"V\",\"2026-06-09\":\"V\",\"2026-06-10\":\"V\",\"2026-06-11\":\"V\",\"2026-06-12\":\"V\"}','2026-06-21 10:24:27','2026-06-21 10:24:27'),
(61,5,2,'Juanda Durandt',NULL,'Harian',4,0.00,500000.00,'{\"2026-06-10\":\"V\",\"2026-06-11\":\"V\",\"2026-06-12\":\"V\",\"2026-06-13\":\"V\"}','2026-06-21 10:24:27','2026-06-21 10:24:27'),
(62,5,3,'Adriana Maligoge',NULL,'Harian',5,0.00,625000.00,'{\"2026-06-09\":\"V\",\"2026-06-10\":\"V\",\"2026-06-11\":\"V\",\"2026-06-12\":\"V\",\"2026-06-13\":\"V\"}','2026-06-21 10:24:27','2026-06-21 10:24:27'),
(63,5,4,'Ivon Purnama',NULL,'Harian',4,0.00,500000.00,'{\"2026-06-10\":\"V\",\"2026-06-11\":\"V\",\"2026-06-12\":\"V\",\"2026-06-13\":\"V\"}','2026-06-21 10:24:27','2026-06-21 10:24:27'),
(64,5,7,'Maykel Martin',NULL,'Harian',4,0.00,500000.00,'{\"2026-06-10\":\"V\",\"2026-06-11\":\"V\",\"2026-06-12\":\"V\",\"2026-06-13\":\"V\"}','2026-06-21 10:24:27','2026-06-21 10:24:27'),
(65,5,12,'Freddy Ottay',NULL,'Borongan',0,191.00,1910000.00,'{\"2026-06-08\":\"30.00\",\"2026-06-09\":\"45.00\",\"2026-06-10\":\"40.00\",\"2026-06-11\":\"31.00\",\"2026-06-12\":\"45.00\"}','2026-06-21 10:24:27','2026-06-21 10:24:27'),
(66,5,8,'Frendy Bantu',NULL,'Borongan',0,6963.00,1392600.00,'{\"2026-06-08\":\"1513.00\",\"2026-06-09\":\"1100.00\",\"2026-06-10\":\"1000.00\",\"2026-06-11\":\"1100.00\",\"2026-06-12\":\"1200.00\",\"2026-06-13\":\"1050.00\"}','2026-06-21 10:24:27','2026-06-21 10:24:27'),
(67,5,13,'Jolly Erung',NULL,'Borongan',0,170.00,1700000.00,'{\"2026-06-08\":\"25.00\",\"2026-06-09\":\"40.00\",\"2026-06-10\":\"42.00\",\"2026-06-11\":\"32.00\",\"2026-06-12\":\"31.00\"}','2026-06-21 10:24:27','2026-06-21 10:24:27'),
(68,5,15,'Rinaldy Lohodandel',NULL,'Borongan',0,25.00,250000.00,'{\"2026-06-08\":\"25.00\"}','2026-06-21 10:24:27','2026-06-21 10:24:27'),
(69,5,11,'Ruslan Latupo',NULL,'Borongan',0,3042.00,608400.00,'{\"2026-06-08\":\"900.00\",\"2026-06-09\":\"1300.00\",\"2026-06-10\":\"842.00\"}','2026-06-21 10:24:27','2026-06-21 10:24:27'),
(70,5,10,'Alfa Durandt',NULL,'Borongan',0,3480.00,696000.00,'{\"2026-06-08\":\"1000.00\",\"2026-06-09\":\"1650.00\",\"2026-06-10\":\"830.00\"}','2026-06-21 10:24:27','2026-06-21 10:24:27'),
(71,5,30,'Mirando Danuwu',NULL,'Borongan',0,41.50,581000.00,'{\"2026-06-08\":\"12.50\",\"2026-06-10\":\"16.50\",\"2026-06-12\":\"12.50\"}','2026-06-21 10:24:27','2026-06-21 10:24:27'),
(72,5,31,'Joan Sinaulan',NULL,'Borongan',0,79.50,1113000.00,'{\"2026-06-08\":\"23.50\",\"2026-06-09\":\"25.00\",\"2026-06-11\":\"17.50\",\"2026-06-12\":\"13.50\"}','2026-06-21 10:24:27','2026-06-21 10:24:27'),
(73,5,32,'Meydi Egeten',NULL,'Borongan',0,33.00,462000.00,'{\"2026-06-08\":\"12.00\",\"2026-06-09\":\"12.00\",\"2026-06-11\":\"9.00\"}','2026-06-21 10:24:27','2026-06-21 10:24:27'),
(74,5,14,'Simon Sasela',NULL,'Borongan',0,163.00,1630000.00,'{\"2026-06-09\":\"42.00\",\"2026-06-10\":\"44.00\",\"2026-06-11\":\"35.00\",\"2026-06-12\":\"42.00\"}','2026-06-21 10:24:27','2026-06-21 10:24:27'),
(75,5,16,'Fanly Palit',NULL,'Borongan',0,137.00,1370000.00,'{\"2026-06-09\":\"41.00\",\"2026-06-10\":\"27.00\",\"2026-06-11\":\"27.00\",\"2026-06-12\":\"42.00\"}','2026-06-21 10:24:27','2026-06-21 10:24:27'),
(76,5,9,'Noval Durandt',NULL,'Borongan',0,5104.00,1020800.00,'{\"2026-06-09\":\"1100.00\",\"2026-06-10\":\"904.00\",\"2026-06-11\":\"1150.00\",\"2026-06-12\":\"1050.00\",\"2026-06-13\":\"900.00\"}','2026-06-21 10:24:27','2026-06-21 10:24:27'),
(77,6,1,'Jhon Bantu',NULL,'Harian',6,0.00,750000.00,'{\"2026-06-08\":\"V\",\"2026-06-09\":\"V\",\"2026-06-10\":\"V\",\"2026-06-11\":\"V\",\"2026-06-12\":\"V\",\"2026-06-13\":\"V\"}','2026-06-21 10:57:24','2026-06-21 10:57:24'),
(78,6,6,'Anton Ambalao',NULL,'Harian',5,0.00,1250000.00,'{\"2026-06-08\":\"V\",\"2026-06-09\":\"V\",\"2026-06-10\":\"V\",\"2026-06-11\":\"V\",\"2026-06-13\":\"V\"}','2026-06-21 10:57:24','2026-06-21 10:57:24'),
(79,6,5,'Maxi Tenda',NULL,'Harian',6,0.00,1500000.00,'{\"2026-06-08\":\"V\",\"2026-06-09\":\"V\",\"2026-06-10\":\"V\",\"2026-06-11\":\"V\",\"2026-06-12\":\"V\",\"2026-06-13\":\"V\"}','2026-06-21 10:57:24','2026-06-21 10:57:24'),
(80,6,33,'Brian Sigar',NULL,'Harian',5,0.00,625000.00,'{\"2026-06-08\":\"V\",\"2026-06-09\":\"V\",\"2026-06-10\":\"V\",\"2026-06-11\":\"V\",\"2026-06-12\":\"V\"}','2026-06-21 10:57:24','2026-06-21 10:57:24'),
(81,6,34,'Ridel Warokka',NULL,'Harian',5,0.00,625000.00,'{\"2026-06-08\":\"V\",\"2026-06-09\":\"V\",\"2026-06-10\":\"V\",\"2026-06-11\":\"V\",\"2026-06-12\":\"V\"}','2026-06-21 10:57:24','2026-06-21 10:57:24'),
(82,6,2,'Juanda Durandt',NULL,'Harian',4,0.00,500000.00,'{\"2026-06-10\":\"V\",\"2026-06-11\":\"V\",\"2026-06-12\":\"V\",\"2026-06-13\":\"V\"}','2026-06-21 10:57:24','2026-06-21 10:57:24'),
(83,6,3,'Adriana Maligoge',NULL,'Harian',5,0.00,625000.00,'{\"2026-06-09\":\"V\",\"2026-06-10\":\"V\",\"2026-06-11\":\"V\",\"2026-06-12\":\"V\",\"2026-06-13\":\"V\"}','2026-06-21 10:57:24','2026-06-21 10:57:24'),
(84,6,4,'Ivon Purnama',NULL,'Harian',4,0.00,500000.00,'{\"2026-06-10\":\"V\",\"2026-06-11\":\"V\",\"2026-06-12\":\"V\",\"2026-06-13\":\"V\"}','2026-06-21 10:57:24','2026-06-21 10:57:24'),
(85,6,7,'Maykel Martin',NULL,'Harian',4,0.00,1000000.00,'{\"2026-06-10\":\"V\",\"2026-06-11\":\"V\",\"2026-06-12\":\"V\",\"2026-06-13\":\"V\"}','2026-06-21 10:57:24','2026-06-21 10:57:24'),
(86,6,12,'Freddy Ottay',NULL,'Borongan',0,191.00,1910000.00,'{\"2026-06-08\":\"30.00\",\"2026-06-09\":\"45.00\",\"2026-06-10\":\"40.00\",\"2026-06-11\":\"31.00\",\"2026-06-12\":\"45.00\"}','2026-06-21 10:57:24','2026-06-21 10:57:24'),
(87,6,8,'Frendy Bantu',NULL,'Borongan',0,6963.00,1392600.00,'{\"2026-06-08\":\"1513.00\",\"2026-06-09\":\"1100.00\",\"2026-06-10\":\"1000.00\",\"2026-06-11\":\"1100.00\",\"2026-06-12\":\"1200.00\",\"2026-06-13\":\"1050.00\"}','2026-06-21 10:57:24','2026-06-21 10:57:24'),
(88,6,13,'Jolly Erung',NULL,'Borongan',0,170.00,1700000.00,'{\"2026-06-08\":\"25.00\",\"2026-06-09\":\"40.00\",\"2026-06-10\":\"42.00\",\"2026-06-11\":\"32.00\",\"2026-06-12\":\"31.00\"}','2026-06-21 10:57:24','2026-06-21 10:57:24'),
(89,6,15,'Rinaldy Lohodandel',NULL,'Borongan',0,25.00,250000.00,'{\"2026-06-08\":\"25.00\"}','2026-06-21 10:57:24','2026-06-21 10:57:24'),
(90,6,11,'Ruslan Latupo',NULL,'Borongan',0,3042.00,608400.00,'{\"2026-06-08\":\"900.00\",\"2026-06-09\":\"1300.00\",\"2026-06-10\":\"842.00\"}','2026-06-21 10:57:24','2026-06-21 10:57:24'),
(91,6,10,'Alfa Durandt',NULL,'Borongan',0,3480.00,696000.00,'{\"2026-06-08\":\"1000.00\",\"2026-06-09\":\"1650.00\",\"2026-06-10\":\"830.00\"}','2026-06-21 10:57:24','2026-06-21 10:57:24'),
(92,6,30,'Mirando Danuwu',NULL,'Borongan',0,41.50,581000.00,'{\"2026-06-08\":\"12.50\",\"2026-06-10\":\"16.50\",\"2026-06-12\":\"12.50\"}','2026-06-21 10:57:24','2026-06-21 10:57:24'),
(93,6,31,'Joan Sinaulan',NULL,'Borongan',0,79.50,1113000.00,'{\"2026-06-08\":\"23.50\",\"2026-06-09\":\"25.00\",\"2026-06-11\":\"17.50\",\"2026-06-12\":\"13.50\"}','2026-06-21 10:57:24','2026-06-21 10:57:24'),
(94,6,32,'Meydi Egeten',NULL,'Borongan',0,33.00,462000.00,'{\"2026-06-08\":\"12.00\",\"2026-06-09\":\"12.00\",\"2026-06-11\":\"9.00\"}','2026-06-21 10:57:24','2026-06-21 10:57:24'),
(95,6,14,'Simon Sasela',NULL,'Borongan',0,163.00,1630000.00,'{\"2026-06-09\":\"42.00\",\"2026-06-10\":\"44.00\",\"2026-06-11\":\"35.00\",\"2026-06-12\":\"42.00\"}','2026-06-21 10:57:24','2026-06-21 10:57:24'),
(96,6,16,'Fanly Palit',NULL,'Borongan',0,137.00,1370000.00,'{\"2026-06-09\":\"41.00\",\"2026-06-10\":\"27.00\",\"2026-06-11\":\"27.00\",\"2026-06-12\":\"42.00\"}','2026-06-21 10:57:24','2026-06-21 10:57:24'),
(97,6,9,'Noval Durandt',NULL,'Borongan',0,5104.00,1020800.00,'{\"2026-06-09\":\"1100.00\",\"2026-06-10\":\"904.00\",\"2026-06-11\":\"1150.00\",\"2026-06-12\":\"1050.00\",\"2026-06-13\":\"900.00\"}','2026-06-21 10:57:24','2026-06-21 10:57:24'),
(98,7,1,'Jhon Bantu',NULL,'Harian',1,0.00,125000.00,'{\"2026-06-15\":\"V\"}','2026-06-22 03:50:33','2026-06-22 03:50:33'),
(99,7,2,'Juanda Durandt',NULL,'Harian',6,0.00,750000.00,'{\"2026-06-15\":\"V\",\"2026-06-16\":\"V\",\"2026-06-17\":\"V\",\"2026-06-18\":\"V\",\"2026-06-19\":\"V\",\"2026-06-20\":\"V\"}','2026-06-22 03:50:33','2026-06-22 03:50:33'),
(100,7,4,'Ivon Purnama',NULL,'Harian',6,0.00,750000.00,'{\"2026-06-15\":\"V\",\"2026-06-16\":\"V\",\"2026-06-17\":\"V\",\"2026-06-18\":\"V\",\"2026-06-19\":\"V\",\"2026-06-20\":\"V\"}','2026-06-22 03:50:33','2026-06-22 03:50:33'),
(101,7,3,'Adriana Maligoge',NULL,'Harian',6,0.00,750000.00,'{\"2026-06-15\":\"V\",\"2026-06-16\":\"V\",\"2026-06-17\":\"V\",\"2026-06-18\":\"V\",\"2026-06-19\":\"V\",\"2026-06-20\":\"V\"}','2026-06-22 03:50:33','2026-06-22 03:50:33'),
(102,7,5,'Maxi Tenda',NULL,'Harian',6,0.00,1500000.00,'{\"2026-06-15\":\"V\",\"2026-06-16\":\"V\",\"2026-06-17\":\"V\",\"2026-06-18\":\"V\",\"2026-06-19\":\"V\",\"2026-06-20\":\"V\"}','2026-06-22 03:50:33','2026-06-22 03:50:33'),
(103,7,33,'Brian Sigar',NULL,'Harian',5,0.00,625000.00,'{\"2026-06-15\":\"V\",\"2026-06-17\":\"V\",\"2026-06-18\":\"V\",\"2026-06-19\":\"V\",\"2026-06-20\":\"V\"}','2026-06-22 03:50:33','2026-06-22 03:50:33'),
(104,7,34,'Ridel Warokka',NULL,'Harian',5,0.00,625000.00,'{\"2026-06-15\":\"V\",\"2026-06-17\":\"V\",\"2026-06-18\":\"V\",\"2026-06-19\":\"V\",\"2026-06-20\":\"V\"}','2026-06-22 03:50:33','2026-06-22 03:50:33'),
(105,7,9,'Noval Durandt',NULL,'Harian',4,0.00,500000.00,'{\"2026-06-17\":\"V\",\"2026-06-18\":\"V\",\"2026-06-19\":\"V\",\"2026-06-20\":\"V\"}','2026-06-22 03:50:33','2026-06-22 03:50:33'),
(106,7,6,'Anton Ambalao',NULL,'Harian',5,0.00,1250000.00,'{\"2026-06-16\":\"V\",\"2026-06-17\":\"V\",\"2026-06-18\":\"V\",\"2026-06-19\":\"V\",\"2026-06-20\":\"V\"}','2026-06-22 03:50:33','2026-06-22 03:50:33'),
(107,7,7,'Maykel Martin',NULL,'Harian',4,0.00,1000000.00,'{\"2026-06-17\":\"V\",\"2026-06-18\":\"V\",\"2026-06-19\":\"V\",\"2026-06-20\":\"V\"}','2026-06-22 03:50:33','2026-06-22 03:50:33'),
(108,7,8,'Frendy Bantu',NULL,'Borongan',0,6732.00,1346400.00,'{\"2026-06-15\":\"1328.00\",\"2026-06-16\":\"1000.00\",\"2026-06-17\":\"1320.00\",\"2026-06-18\":\"970.00\",\"2026-06-19\":\"1014.00\",\"2026-06-20\":\"1100.00\"}','2026-06-22 03:50:33','2026-06-22 03:50:33'),
(109,7,9,'Noval Durandt',NULL,'Borongan',0,2710.00,542000.00,'{\"2026-06-15\":\"1450.00\",\"2026-06-16\":\"1260.00\"}','2026-06-22 03:50:33','2026-06-22 03:50:33'),
(110,7,1,'Jhon Bantu',NULL,'Borongan',0,5160.00,1032000.00,'{\"2026-06-16\":\"1210.00\",\"2026-06-17\":\"1150.00\",\"2026-06-18\":\"1300.00\",\"2026-06-19\":\"600.00\",\"2026-06-20\":\"900.00\"}','2026-06-22 03:50:33','2026-06-22 03:50:33'),
(111,7,10,'Alfa Durandt',NULL,'Borongan',0,4804.00,960800.00,'{\"2026-06-16\":\"928.00\",\"2026-06-17\":\"1100.00\",\"2026-06-18\":\"1000.00\",\"2026-06-19\":\"710.00\",\"2026-06-20\":\"1066.00\"}','2026-06-22 03:50:33','2026-06-22 03:50:33'),
(112,7,11,'Ruslan Latupo',NULL,'Borongan',0,3960.00,792000.00,'{\"2026-06-17\":\"1050.00\",\"2026-06-18\":\"1000.00\",\"2026-06-19\":\"890.00\",\"2026-06-20\":\"1020.00\"}','2026-06-22 03:50:33','2026-06-22 03:50:33'),
(113,7,12,'Freddy Ottay',NULL,'Borongan',0,44.00,440000.00,'{\"2026-06-16\":\"44.00\"}','2026-06-22 03:50:33','2026-06-22 03:50:33'),
(114,7,29,'Jolly Engkol',NULL,'Borongan',0,42.00,420000.00,'{\"2026-06-16\":\"42.00\"}','2026-06-22 03:50:33','2026-06-22 03:50:33'),
(115,7,14,'Simon Sasela',NULL,'Borongan',0,43.00,430000.00,'{\"2026-06-16\":\"43.00\"}','2026-06-22 03:50:33','2026-06-22 03:50:33'),
(116,7,16,'Fanly Palit',NULL,'Borongan',0,43.00,430000.00,'{\"2026-06-16\":\"43.00\"}','2026-06-22 03:50:33','2026-06-22 03:50:33'),
(117,7,30,'Mirando Danuwu',NULL,'Borongan',0,8.00,112000.00,'{\"2026-06-17\":\"8.00\"}','2026-06-22 03:50:33','2026-06-22 03:50:33'),
(118,7,31,'Joan Sinaulan',NULL,'Borongan',0,23.50,329000.00,'{\"2026-06-16\":\"16.00\",\"2026-06-17\":\"7.50\"}','2026-06-22 03:50:33','2026-06-22 03:50:33'),
(119,7,32,'Meydi Egeten',NULL,'Borongan',0,17.50,245000.00,'{\"2026-06-16\":\"17.50\"}','2026-06-22 03:50:33','2026-06-22 03:50:33'),
(120,8,1,'Jhon Bantu',NULL,'Harian',1,0.00,125000.00,'{\"2026-06-15\":\"V\"}','2026-06-22 03:54:34','2026-06-22 03:54:34'),
(121,8,2,'Juanda Durandt',NULL,'Harian',6,0.00,750000.00,'{\"2026-06-15\":\"V\",\"2026-06-16\":\"V\",\"2026-06-17\":\"V\",\"2026-06-18\":\"V\",\"2026-06-19\":\"V\",\"2026-06-20\":\"V\"}','2026-06-22 03:54:34','2026-06-22 03:54:34'),
(122,8,4,'Ivon Purnama',NULL,'Harian',6,0.00,750000.00,'{\"2026-06-15\":\"V\",\"2026-06-16\":\"V\",\"2026-06-17\":\"V\",\"2026-06-18\":\"V\",\"2026-06-19\":\"V\",\"2026-06-20\":\"V\"}','2026-06-22 03:54:34','2026-06-22 03:54:34'),
(123,8,3,'Adriana Maligoge',NULL,'Harian',6,0.00,750000.00,'{\"2026-06-15\":\"V\",\"2026-06-16\":\"V\",\"2026-06-17\":\"V\",\"2026-06-18\":\"V\",\"2026-06-19\":\"V\",\"2026-06-20\":\"V\"}','2026-06-22 03:54:34','2026-06-22 03:54:34'),
(124,8,5,'Maxi Tenda',NULL,'Harian',6,0.00,1500000.00,'{\"2026-06-15\":\"V\",\"2026-06-16\":\"V\",\"2026-06-17\":\"V\",\"2026-06-18\":\"V\",\"2026-06-19\":\"V\",\"2026-06-20\":\"V\"}','2026-06-22 03:54:34','2026-06-22 03:54:34'),
(125,8,33,'Brian Sigar',NULL,'Harian',5,0.00,625000.00,'{\"2026-06-15\":\"V\",\"2026-06-17\":\"V\",\"2026-06-18\":\"V\",\"2026-06-19\":\"V\",\"2026-06-20\":\"V\"}','2026-06-22 03:54:34','2026-06-22 03:54:34'),
(126,8,34,'Ridel Warokka',NULL,'Harian',5,0.00,625000.00,'{\"2026-06-15\":\"V\",\"2026-06-17\":\"V\",\"2026-06-18\":\"V\",\"2026-06-19\":\"V\",\"2026-06-20\":\"V\"}','2026-06-22 03:54:34','2026-06-22 03:54:34'),
(127,8,9,'Noval Durandt',NULL,'Harian',4,0.00,500000.00,'{\"2026-06-17\":\"V\",\"2026-06-18\":\"V\",\"2026-06-19\":\"V\",\"2026-06-20\":\"V\"}','2026-06-22 03:54:34','2026-06-22 03:54:34'),
(128,8,6,'Anton Ambalao',NULL,'Harian',5,0.00,1250000.00,'{\"2026-06-16\":\"V\",\"2026-06-17\":\"V\",\"2026-06-18\":\"V\",\"2026-06-19\":\"V\",\"2026-06-20\":\"V\"}','2026-06-22 03:54:34','2026-06-22 03:54:34'),
(129,8,7,'Maykel Martin',NULL,'Harian',4,0.00,1000000.00,'{\"2026-06-17\":\"V\",\"2026-06-18\":\"V\",\"2026-06-19\":\"V\",\"2026-06-20\":\"V\"}','2026-06-22 03:54:34','2026-06-22 03:54:34'),
(130,8,8,'Frendy Bantu',NULL,'Borongan',0,6732.00,1346400.00,'{\"2026-06-15\":\"1328.00\",\"2026-06-16\":\"1000.00\",\"2026-06-17\":\"1320.00\",\"2026-06-18\":\"970.00\",\"2026-06-19\":\"1014.00\",\"2026-06-20\":\"1100.00\"}','2026-06-22 03:54:34','2026-06-22 03:54:34'),
(131,8,9,'Noval Durandt',NULL,'Borongan',0,2710.00,542000.00,'{\"2026-06-15\":\"1450.00\",\"2026-06-16\":\"1260.00\"}','2026-06-22 03:54:34','2026-06-22 03:54:34'),
(132,8,1,'Jhon Bantu',NULL,'Borongan',0,5160.00,1032000.00,'{\"2026-06-16\":\"1210.00\",\"2026-06-17\":\"1150.00\",\"2026-06-18\":\"1300.00\",\"2026-06-19\":\"600.00\",\"2026-06-20\":\"900.00\"}','2026-06-22 03:54:34','2026-06-22 03:54:34'),
(133,8,10,'Alfa Durandt',NULL,'Borongan',0,4804.00,960800.00,'{\"2026-06-16\":\"928.00\",\"2026-06-17\":\"1100.00\",\"2026-06-18\":\"1000.00\",\"2026-06-19\":\"710.00\",\"2026-06-20\":\"1066.00\"}','2026-06-22 03:54:34','2026-06-22 03:54:34'),
(134,8,11,'Ruslan Latupo',NULL,'Borongan',0,3960.00,792000.00,'{\"2026-06-17\":\"1050.00\",\"2026-06-18\":\"1000.00\",\"2026-06-19\":\"890.00\",\"2026-06-20\":\"1020.00\"}','2026-06-22 03:54:34','2026-06-22 03:54:34'),
(135,8,12,'Freddy Ottay',NULL,'Borongan',0,44.00,440000.00,'{\"2026-06-16\":\"44.00\"}','2026-06-22 03:54:34','2026-06-22 03:54:34'),
(136,8,29,'Jolly Engkol',NULL,'Borongan',0,42.00,420000.00,'{\"2026-06-16\":\"42.00\"}','2026-06-22 03:54:34','2026-06-22 03:54:34'),
(137,8,14,'Simon Sasela',NULL,'Borongan',0,43.00,430000.00,'{\"2026-06-16\":\"43.00\"}','2026-06-22 03:54:34','2026-06-22 03:54:34'),
(138,8,16,'Fanly Palit',NULL,'Borongan',0,43.00,430000.00,'{\"2026-06-16\":\"43.00\"}','2026-06-22 03:54:34','2026-06-22 03:54:34'),
(139,8,30,'Mirando Danuwu',NULL,'Borongan',0,8.00,112000.00,'{\"2026-06-17\":\"8.00\"}','2026-06-22 03:54:34','2026-06-22 03:54:34'),
(140,8,31,'Joan Sinaulan',NULL,'Borongan',0,23.50,329000.00,'{\"2026-06-16\":\"16.00\",\"2026-06-17\":\"7.50\"}','2026-06-22 03:54:34','2026-06-22 03:54:34'),
(141,8,32,'Meydi Egeten',NULL,'Borongan',0,17.50,245000.00,'{\"2026-06-16\":\"17.50\"}','2026-06-22 03:54:34','2026-06-22 03:54:34'),
(142,9,23,'Herman Nayoan',NULL,'Harian',5,0.00,1250000.00,'{\"2026-06-15\":\"V\",\"2026-06-16\":\"V\",\"2026-06-17\":\"V\",\"2026-06-18\":\"V\",\"2026-06-19\":\"V\"}','2026-06-22 06:16:39','2026-06-22 06:16:39'),
(143,9,24,'Freddy Runturambi',NULL,'Harian',5,0.00,1250000.00,'{\"2026-06-15\":\"V\",\"2026-06-17\":\"V\",\"2026-06-18\":\"V\",\"2026-06-19\":\"V\",\"2026-06-20\":\"V\"}','2026-06-22 06:16:39','2026-06-22 06:16:39'),
(144,9,26,'Reince Mogogibung',NULL,'Harian',5,0.00,1250000.00,'{\"2026-06-15\":\"V\",\"2026-06-16\":\"V\",\"2026-06-17\":\"V\",\"2026-06-18\":\"V\",\"2026-06-19\":\"V\"}','2026-06-22 06:16:39','2026-06-22 06:16:39'),
(145,9,27,'Marsel Suot',NULL,'Harian',5,0.00,625000.00,'{\"2026-06-15\":\"V\",\"2026-06-16\":\"V\",\"2026-06-17\":\"V\",\"2026-06-18\":\"V\",\"2026-06-19\":\"V\"}','2026-06-22 06:16:39','2026-06-22 06:16:39'),
(146,9,25,'Fredi Lamia',NULL,'Harian',4,0.00,1000000.00,'{\"2026-06-16\":\"V\",\"2026-06-17\":\"V\",\"2026-06-18\":\"V\",\"2026-06-19\":\"V\"}','2026-06-22 06:16:39','2026-06-22 06:16:39'),
(147,9,36,'Bokeng Runturambi',NULL,'Harian',4,0.00,500000.00,'{\"2026-06-17\":\"V\",\"2026-06-18\":\"V\",\"2026-06-19\":\"V\",\"2026-06-20\":\"V\"}','2026-06-22 06:16:39','2026-06-22 06:16:39'),
(148,10,22,'Yanto Runtuwene',NULL,'Harian',3,0.00,375000.00,'{\"2026-06-15\":\"V\",\"2026-06-17\":\"V\",\"2026-06-20\":\"V\"}','2026-06-22 08:13:02','2026-06-22 08:13:02'),
(149,10,17,'Riski Panigoro',NULL,'Harian',1,0.00,125000.00,'{\"2026-06-15\":\"V\"}','2026-06-22 08:13:02','2026-06-22 08:13:02'),
(150,10,20,'Marlo Rembet',NULL,'Harian',1,0.00,125000.00,'{\"2026-06-15\":\"V\"}','2026-06-22 08:13:02','2026-06-22 08:13:02'),
(151,10,18,'Niko Labulango',NULL,'Harian',6,0.00,750000.00,'{\"2026-06-15\":\"V\",\"2026-06-16\":\"V\",\"2026-06-17\":\"V\",\"2026-06-18\":\"V\",\"2026-06-19\":\"V\",\"2026-06-20\":\"V\"}','2026-06-22 08:13:02','2026-06-22 08:13:02'),
(152,10,21,'Juan Rembet',NULL,'Harian',1,0.00,125000.00,'{\"2026-06-16\":\"V\"}','2026-06-22 08:13:02','2026-06-22 08:13:02');
/*!40000 ALTER TABLE `penggajian_details` ENABLE KEYS */;
UNLOCK TABLES;

--
-- Table structure for table `penggajians`
--

DROP TABLE IF EXISTS `penggajians`;
/*!40101 SET @saved_cs_client     = @@character_set_client */;
/*!40101 SET character_set_client = utf8 */;
CREATE TABLE `penggajians` (
  `id` bigint(20) unsigned NOT NULL AUTO_INCREMENT,
  `tanggal_mulai` date NOT NULL,
  `tanggal_akhir` date NOT NULL,
  `lokasi_kebun` varchar(255) DEFAULT NULL,
  `tarif_harian` decimal(12,2) NOT NULL DEFAULT 125000.00,
  `tarif_memaras` decimal(15,2) NOT NULL DEFAULT 250000.00,
  `tarif_kupas` decimal(12,2) NOT NULL DEFAULT 200.00,
  `tarif_pemanjat` decimal(12,2) NOT NULL DEFAULT 10000.00,
  `tarif_pemetik` decimal(12,2) NOT NULL DEFAULT 14000.00,
  `total_upah_harian` decimal(15,2) NOT NULL DEFAULT 0.00,
  `total_upah_kupas` decimal(15,2) NOT NULL DEFAULT 0.00,
  `total_upah_pemanjat` decimal(15,2) NOT NULL DEFAULT 0.00,
  `total_upah_pemetik` decimal(15,2) NOT NULL DEFAULT 0.00,
  `total_keseluruhan` decimal(15,2) NOT NULL DEFAULT 0.00,
  `keterangan` text DEFAULT NULL,
  `created_at` timestamp NULL DEFAULT NULL,
  `updated_at` timestamp NULL DEFAULT NULL,
  PRIMARY KEY (`id`)
) ENGINE=InnoDB AUTO_INCREMENT=11 DEFAULT CHARSET=utf8mb4 COLLATE=utf8mb4_unicode_ci;
/*!40101 SET character_set_client = @saved_cs_client */;

--
-- Dumping data for table `penggajians`
--

LOCK TABLES `penggajians` WRITE;
/*!40000 ALTER TABLE `penggajians` DISABLE KEYS */;
INSERT INTO `penggajians` VALUES
(2,'2026-06-08','2026-06-13','RANOKETANG TUA',125000.00,250000.00,200.00,10000.00,14000.00,2750000.00,366000.00,0.00,0.00,3116000.00,NULL,'2026-06-21 09:25:16','2026-06-21 09:25:16'),
(6,'2026-06-08','2026-06-13','SAPA',125000.00,250000.00,200.00,10000.00,14000.00,7375000.00,3717800.00,0.00,0.00,20108800.00,NULL,'2026-06-21 10:57:24','2026-06-21 10:57:24'),
(8,'2026-06-15','2026-06-20','SAPA',125000.00,250000.00,200.00,10000.00,14000.00,7875000.00,4673200.00,0.00,0.00,14954200.00,NULL,'2026-06-22 03:54:34','2026-06-22 03:54:34'),
(9,'2026-06-15','2026-06-20','TOMBATU',125000.00,250000.00,200.00,10000.00,14000.00,5875000.00,0.00,0.00,0.00,5875000.00,NULL,'2026-06-22 06:16:39','2026-06-22 06:16:39'),
(10,'2026-06-15','2026-06-20','RANOKETANG TUA',125000.00,250000.00,200.00,10000.00,14000.00,1500000.00,0.00,0.00,0.00,1500000.00,NULL,'2026-06-22 08:13:02','2026-06-22 08:13:02');
/*!40000 ALTER TABLE `penggajians` ENABLE KEYS */;
UNLOCK TABLES;

--
-- Table structure for table `sessions`
--

DROP TABLE IF EXISTS `sessions`;
/*!40101 SET @saved_cs_client     = @@character_set_client */;
/*!40101 SET character_set_client = utf8 */;
CREATE TABLE `sessions` (
  `id` varchar(255) NOT NULL,
  `user_id` bigint(20) unsigned DEFAULT NULL,
  `ip_address` varchar(45) DEFAULT NULL,
  `user_agent` text DEFAULT NULL,
  `payload` longtext NOT NULL,
  `last_activity` int(11) NOT NULL,
  PRIMARY KEY (`id`),
  KEY `sessions_user_id_index` (`user_id`),
  KEY `sessions_last_activity_index` (`last_activity`)
) ENGINE=InnoDB DEFAULT CHARSET=utf8mb4 COLLATE=utf8mb4_unicode_ci;
/*!40101 SET character_set_client = @saved_cs_client */;

--
-- Dumping data for table `sessions`
--

LOCK TABLES `sessions` WRITE;
/*!40000 ALTER TABLE `sessions` DISABLE KEYS */;
INSERT INTO `sessions` VALUES
('oUjHfVXrKW5EIzBvoiLo7kJfjKCL0D14WjSPJd5u',NULL,'162.158.178.231','Mozilla/5.0 (Macintosh; Intel Mac OS X 10_15_7) AppleWebKit/537.36 (KHTML, like Gecko) Chrome/149.0.0.0 Safari/537.36','YTo4OntzOjY6Il90b2tlbiI7czo0MDoiTXpTVVZmWW9KMFV5dTJEUXpyTE4xRUFFYjREdE9iYWFsajB6ODZpaiI7czo5OiJfcHJldmlvdXMiO2E6Mjp7czozOiJ1cmwiO3M6MzY6Imh0dHBzOi8vdG1jLmt1eWRpbmFzLmlkL3BlbmdnYWppYW4vOCI7czo1OiJyb3V0ZSI7czoxNToicGVuZ2dhamlhbi5zaG93Ijt9czo2OiJfZmxhc2giO2E6Mjp7czozOiJvbGQiO2E6MDp7fXM6MzoibmV3IjthOjA6e319czoxODoiaXNfYWRtaW5fbG9nZ2VkX2luIjtiOjE7czoxOToiYWJzZW5zaV9sYXN0X2xva2FzaSI7czo0OiJTQVBBIjtzOjE3OiJhYnNlbnNpX2xhc3Rfd2VlayI7czo4OiIyMDI2LVcyNSI7czoxODoiYWJzZW5zaV9sYXN0X3N0YXJ0IjtOO3M6MTY6ImFic2Vuc2lfbGFzdF9lbmQiO047fQ==',1782129565);
/*!40000 ALTER TABLE `sessions` ENABLE KEYS */;
UNLOCK TABLES;

--
-- Table structure for table `users`
--

DROP TABLE IF EXISTS `users`;
/*!40101 SET @saved_cs_client     = @@character_set_client */;
/*!40101 SET character_set_client = utf8 */;
CREATE TABLE `users` (
  `id` bigint(20) unsigned NOT NULL AUTO_INCREMENT,
  `name` varchar(255) NOT NULL,
  `email` varchar(255) NOT NULL,
  `email_verified_at` timestamp NULL DEFAULT NULL,
  `password` varchar(255) NOT NULL,
  `remember_token` varchar(100) DEFAULT NULL,
  `created_at` timestamp NULL DEFAULT NULL,
  `updated_at` timestamp NULL DEFAULT NULL,
  PRIMARY KEY (`id`),
  UNIQUE KEY `users_email_unique` (`email`)
) ENGINE=InnoDB DEFAULT CHARSET=utf8mb4 COLLATE=utf8mb4_unicode_ci;
/*!40101 SET character_set_client = @saved_cs_client */;

--
-- Dumping data for table `users`
--

LOCK TABLES `users` WRITE;
/*!40000 ALTER TABLE `users` DISABLE KEYS */;
/*!40000 ALTER TABLE `users` ENABLE KEYS */;
UNLOCK TABLES;
/*!40103 SET TIME_ZONE=@OLD_TIME_ZONE */;

/*!40101 SET SQL_MODE=@OLD_SQL_MODE */;
/*!40014 SET FOREIGN_KEY_CHECKS=@OLD_FOREIGN_KEY_CHECKS */;
/*!40014 SET UNIQUE_CHECKS=@OLD_UNIQUE_CHECKS */;
/*!40101 SET CHARACTER_SET_CLIENT=@OLD_CHARACTER_SET_CLIENT */;
/*!40101 SET CHARACTER_SET_RESULTS=@OLD_CHARACTER_SET_RESULTS */;
/*!40101 SET COLLATION_CONNECTION=@OLD_COLLATION_CONNECTION */;
/*!40111 SET SQL_NOTES=@OLD_SQL_NOTES */;

-- Dump completed on 2026-06-22 12:04:16
